-- phpMyAdmin SQL Dump
-- version 4.8.5
-- https://www.phpmyadmin.net/
--
-- Servidor: 127.0.0.1
-- Tiempo de generación: 04-04-2019 a las 13:18:14
-- Versión del servidor: 10.1.32-MariaDB
-- Versión de PHP: 7.2.5

SET SQL_MODE = "NO_AUTO_VALUE_ON_ZERO";
SET AUTOCOMMIT = 0;
START TRANSACTION;
SET time_zone = "+00:00";


/*!40101 SET @OLD_CHARACTER_SET_CLIENT=@@CHARACTER_SET_CLIENT */;
/*!40101 SET @OLD_CHARACTER_SET_RESULTS=@@CHARACTER_SET_RESULTS */;
/*!40101 SET @OLD_COLLATION_CONNECTION=@@COLLATION_CONNECTION */;
/*!40101 SET NAMES utf8mb4 */;

--
-- Base de datos: `prog`
--
CREATE DATABASE IF NOT EXISTS `prog` DEFAULT CHARACTER SET utf8 COLLATE utf8_spanish_ci;
USE `prog`;

-- --------------------------------------------------------

--
-- Estructura de tabla para la tabla `historialtest`
--

CREATE TABLE `historialtest` (
  `id` int(11) NOT NULL,
  `idTest` int(11) NOT NULL,
  `usuario` varchar(20) CHARACTER SET utf8 NOT NULL,
  `resultado` int(11) NOT NULL
) ENGINE=InnoDB DEFAULT CHARSET=utf8 COLLATE=utf8_spanish_ci;

-- --------------------------------------------------------

--
-- Estructura de tabla para la tabla `nivel`
--

CREATE TABLE `nivel` (
  `id` int(11) NOT NULL,
  `nivel` int(11) NOT NULL,
  `experiencia` int(11) NOT NULL
) ENGINE=InnoDB DEFAULT CHARSET=utf8 COLLATE=utf8_spanish_ci;

-- --------------------------------------------------------

--
-- Estructura de tabla para la tabla `pregunta`
--

CREATE TABLE `pregunta` (
  `codpregunta` int(8) NOT NULL,
  `texto` varchar(200) COLLATE utf8_spanish_ci NOT NULL,
  `imagen` varchar(100) CHARACTER SET latin1 NOT NULL,
  `tema` int(2) NOT NULL
) ENGINE=InnoDB DEFAULT CHARSET=utf8 COLLATE=utf8_spanish_ci;

--
-- Volcado de datos para la tabla `pregunta`
--

INSERT INTO `pregunta` (`codpregunta`, `texto`, `imagen`, `tema`) VALUES
(10071569, 'El conductor, ¿está obligado a hacer que los pasajeros mantengan la posición adecuada?', 'http://revista.dgt.es/Galerias/test/201406/Test226-preg05-Postura.jpg', 0),
(10158703, 'Conducir con sueño, ¿por qué es peligroso?', 'http://revista.dgt.es/Galerias/test/N-240-Especial-Seg-Vial-I-4/36-Conducir-con-sueno.jpg', 0),
(10826360, 'En un tramo de vía con un carril de aceleración, ¿se considera adelantamiento que un vehículo avance más rápidamente que otro que lo hace por el carril normal?', 'http://revista.dgt.es/Galerias/test/201602/Test-234-P05.jpg', 0),
(11455838, '¿Qué es el tiempo  de reacción?', 'http://revista.dgt.es/Galerias/test/N-242/Test242-P13.jpg', 0),
(11495949, 'El semáforo de la fotografía está estropeado. ¿A quién debe ceder el paso en la intersección?', 'http://revista.dgt.es/Galerias/test/201702/T239-P09.jpg', 0),
(11596404, 'Durante un día con temperaturas ambientales muy bajas, ¿es correcto conducir con el abrigo puesto?', 'http://revista.dgt.es/Galerias/test/201312-Invierno/11.Alberto-Espada-obesidad-160x146.jpg', 0),
(12049285, 'El filtro del aire, ¿para qué sirve?', 'http://revista.dgt.es/Galerias/test/201310/img-test-02.jpg', 0),
(12185071, 'Los reflejos del sol directo sobre el conductor, ¿pueden tener un efecto negativo en la conducción?', 'http://revista.dgt.es/Galerias/test/201406/Test226-preg07-ampliada-sol.jpg', 0),
(12317718, 'Los sistemas de seguridad pasiva incluyen...', 'http://revista.dgt.es/Galerias/test/N-240-Especial-Seg-Vial-II-5/38-Los-sistemas-de-seguridad-pasiva', 0),
(12680351, 'El carril que se observa a la izquierda está abierto para circular en sentido contrario. ¿Cuál es la velocidad máxima permitida en ese carril?', 'http://revista.dgt.es/Galerias/test/201407/Test227preg09.jpg', 0),
(12708269, 'Cuando tenga que bajar del vehículo para descargar el equipaje, ¿debe apagar el motor?', 'http://revista.dgt.es/Galerias/test/201612/Test238-P09-160x145.jpg', 0),
(13641974, 'En los vehículos de anchura inferior a un metro, la carga no debe sobresalir por la parte posterior más de...', 'http://revista.dgt.es/Galerias/test/201602/Test-234-P07.jpg', 0),
(14091749, '¿Está permitido estacionar en doble fila?', 'http://revista.dgt.es/Galerias/test/201406/Test226-Preg-01-Doble-fila.jpg', 0),
(14170161, '¿Pueden algunas motocicletas llevar sistemas de estabilidad de frenado o airbag?', 'http://revista.dgt.es/Galerias/test/201312-Normal/p-05moto.jpg', 0),
(14272529, '¿Cómo se deben colocar los espejos?', 'http://revista.dgt.es/Galerias/test/201310/img-test-01.jpg', 0),
(14373222, 'Los ocupantes del vehículo van a bajarse, ¿por qué lado deben hacerlo?', 'http://revista.dgt.es/Galerias/test/201307/img_test_02.jpg', 0),
(14473995, 'En vías interurbanas, los ciclos y ciclomotores de dos ruedas, ¿dónde deben situarse para girar a la izquierda?', 'http://revista.dgt.es/Galerias/test/201606/Test-236-P11-160x146.jpg', 0),
(14608782, 'Un vehículo tiene el silenciador del escape estropeado. ¿Está permitido circular así?', 'http://revista.dgt.es/Galerias/test/201511/N232-P02.jpg', 0),
(14712941, 'El inflado correcto de los neumáticos es...', 'http://revista.dgt.es/Galerias/test/N-245/P1-250x226.jpg', 0),
(14980483, 'El reposacabezas, ¿cómo debe colocarse?', 'http://revista.dgt.es/Galerias/test/N-241/Test241-P8.jpg', 0),
(15250441, '¿Qué vehículos son los más afectados por el viento lateral?', 'http://revista.dgt.es/Galerias/test/201404/Test225foto10160x146.jpg', 0),
(15289003, 'En esta intersección no hay línea de detención; ¿dónde hay que detenerse?', 'http://revista.dgt.es/Galerias/test/N-240-Especial-Senales-3/Test-240-Preg-25.jpg', 0),
(15443030, 'El calor excesivo en el interior del vehículo, ¿puede aumentar el riesgo en la conducción?', 'http://revista.dgt.es/Galerias/test/201407/Test227preg04-Ampliada.jpg', 0),
(15450163, 'La señal indica que el carril derecho ...', 'http://revista.dgt.es/Galerias/test/201409/Test-228-preg-7.jpg', 0),
(16526834, 'Durante el día, ¿es recomendable llevar encendida la luz de posición y cruce?', 'http://revista.dgt.es/Galerias/test/201312-Invierno/12.PutnamDD1V1457-060207-160x146.jpg', 0),
(16724016, '¿A qué vehículos prohíbe pasar esta señal?', 'http://revista.dgt.es/Galerias/test/N-241/Test241-P13.jpg', 0),
(17023462, '¿Es conveniente circular en paralelo junto a un vehículo de dos ruedas?', 'http://revista.dgt.es/Galerias/test/N-240-Especial-Motos-6/Otra-foto-33.jpg', 0),
(17130148, 'Fumar mientras se conduce...', 'http://revista.dgt.es/Galerias/test/N-241/Test241-P6.jpg', 0),
(17136006, 'Si existe gravilla en la calzada, ¿qué se debe hacer para evitar la rotura del parabrisas?', 'http://revista.dgt.es/Galerias/test/201402/Test-224-preg-6.jpg', 0),
(17441939, 'Bajo los efectos del estrés la conducción se vuelve...', 'http://revista.dgt.es/Galerias/test/N-244/Test244-P14.jpg', 0),
(17456438, 'El filtro del aire, ¿para qué sirve?', 'http://revista.dgt.es/Galerias/test/201511/N232-P04.jpg', 0),
(17680027, 'La marca amarilla continua...', 'http://revista.dgt.es/Galerias/test/201512/TEST-233-P01.jpg', 0),
(17832891, 'Esta señal indica peligro ante la proximidad...', 'http://revista.dgt.es/Galerias/test/N-242/Test242-P3.jpg', 0),
(17934159, 'Aunque esté prohibido el adelantamiento, un turismo podrá rebasar, incluso invadiendo el sentido contrario, a...', 'http://revista.dgt.es/Galerias/test/201507/Preg-11-test-230-160x146.jpg', 0),
(18040537, 'Los agentes de la autoridad encargados de la vigilancia del tráfico podrán inmovilizar un vehículo cuando...', 'http://revista.dgt.es/Galerias/test/N-244/Test244-P7.jpg', 0),
(19701605, '¿Puede circular un turismo que expulsa por el tubo de escape más humo de lo permitido?', 'http://revista.dgt.es/Galerias/test/201606/Test-236-P10-160x146.jpg', 0),
(19886980, '¿Qué indica la línea longitudinal amarilla?', 'http://revista.dgt.es/Galerias/test/201610/TEST-237-P-10.jpg', 0),
(20405730, 'El personal de obras de la fotografía le está ordenando que se detenga. ¿Está obligado a obedecerle?', 'http://revista.dgt.es/Galerias/test/201507/Preg-02-test-230-160x146.jpg', 0),
(20423983, 'Para aumentar la fluidez del tráfico, se ha abierto un carril para circular en sentido contrario al habitual, ¿qué vehículos pueden circular por este carril?', 'http://revista.dgt.es/Galerias/test/201610/TEST-237-P04.jpg', 0),
(20458717, 'La marca vial amarilla continua, ¿qué indica?', 'http://revista.dgt.es/Galerias/test/201604/P-15-N235.jpg', 0),
(21135415, 'La circulación por un carril en sentido contrario al habitual...', 'http://revista.dgt.es/Galerias/test/201307/img_test_06.jpg', 0),
(21149161, 'Si vende su vehículo, ¿debe comunicarlo a la Jefatura de Tráfico?', 'http://revista.dgt.es/Galerias/test/201604/P-02-N235.jpg', 0),
(21445058, '¿Qué prohíbe la marca longitudinal discontinua amarilla?', 'http://revista.dgt.es/Galerias/test/201507/Preg-05-test-230-160x146.jpg', 0),
(21980504, 'Cuando termine el adelantamiento, el vehículo adelantado deberá...', 'http://revista.dgt.es/Galerias/test/N-242/Test242-P1.jpg', 0),
(22058162, '¿Cuántas placas de matrícula llevan las motocicletas?', 'http://revista.dgt.es/Galerias/test/201610/EST-237-P09.jpg', 0),
(22084764, 'El viento sopla desde el lado derecho a ráfagas. ¿Cuándo es más peligroso?', 'http://revista.dgt.es/Galerias/test/201512/Test-233-P04.jpg', 0),
(22110018, 'Las señales realizadas con el brazo por los conductores, ¿son válidas?', 'http://revista.dgt.es/Galerias/test/N-243/Test-243-Preg-10.jpg', 0),
(22342164, 'Esta señal vertical, ¿qué significa?', 'http://revista.dgt.es/Galerias/test/201602/Test-234-P08.jpg', 0),
(22472150, '¿Debe encender la luz de corto alcance en un túnel suficientemente iluminado?', 'http://revista.dgt.es/Galerias/test/201302/Luz-tunel-preg-7-test-218.jpg', 0),
(22506393, 'Una vez inmovilizado el vehículo, los usuarios deberán entrar o salir...', 'http://revista.dgt.es/Galerias/test/N-245/P7-Laboral-250x226.jpg', 0),
(22909671, 'Antes de repostar combustible es necesario...', 'http://revista.dgt.es/Galerias/test/N-240-Especial-Reglamentacion-1/ESP-TEST-011.jpg', 0),
(23451815, 'Si presencia un accidente con víctimas y no ha llegado ayuda, ¿debe detenerse para prestar auxilio?', 'http://revista.dgt.es/Galerias/test/201604/P-10-N235.jpg', 0),
(23492953, 'Esta señal recomienda mantener la velocidad entre los valores indicados...', 'http://revista.dgt.es/Galerias/test/201406/Test226-preg03-S9.jpg', 0),
(23885549, 'La presión de inflado del neumático...', 'http://revista.dgt.es/Galerias/test/201412/Test-229-foto-p9.jpg', 0),
(24026273, 'Este vehículo está averiado y circula a velocidad anormalmente reducida con la luz de emergencia encendida; ¿es correcto su comportamiento?', 'http://revista.dgt.es/Galerias/test/201702/T239-P10.jpg', 0),
(24458658, 'El accidente de motocicleta más frecuente es...', 'http://revista.dgt.es/Galerias/test/201312-Normal/P-06-PutnamJX6X6953-250408.jpg', 0),
(24459931, 'En los vehículos no destinados exclusivamente al transporte de mercancías, ¿puede sobresalir una carga indivisible por la parte posterior?', 'http://revista.dgt.es/Galerias/test/201404/Test225foto11160x146.jpg', 0),
(24524913, 'El alcohol, la fatiga y la velocidad excesiva, ¿de qué factor de riesgo forman parte?', 'http://revista.dgt.es/Galerias/test/201610/TEST-237-P08.jpg', 0),
(24620752, '¿Puede afectar la carga excesiva del vehículo al correcto funcionamiento de los neumáticos?', 'http://revista.dgt.es/Galerias/test/201511/N232-P01.jpg', 0),
(24630048, 'Un conductor novel, ¿puede sentirse fatigado más fácilmente?', 'http://revista.dgt.es/Galerias/test/N-240-Especial-Seg-Vial-II-5/44-Un-conductor-novel.jpg', 0),
(25132294, 'Un traje adecuado para conducir una motocicleta, debe...', 'http://revista.dgt.es/Galerias/test/201612/Test238-p13-160x145.jpg', 0),
(25427483, '¿Para qué sirve el carril de deceleración?', 'http://revista.dgt.es/Galerias/test/201310/img-test-05.jpg', 0),
(25589493, 'El inflado correcto de los neumáticos es el...', 'http://revista.dgt.es/Galerias/test/201409/Test-228preg-1.jpg', 0),
(26055880, 'Circulando con lluvia intensa, ¿es obligatorio utilizar la luz antiniebla trasera?', 'http://revista.dgt.es/Galerias/test/201512/Test-233-P14.jpg', 0),
(26144348, 'En esta intersección no hay línea de detención; ¿dónde hay que detenerse?', 'http://revista.dgt.es/Galerias/test/N-240-Especial-Senales-3/Test-240-Preg-25.jpg', 0),
(26548955, '¿Está permitido circular utilizando solamente el alumbrado de posición del vehículo entre la puesta y la salida del sol?', 'http://revista.dgt.es/Galerias/test/201404/Test225foto9160x146.jpg', 0),
(27099354, 'Por una autovía está prohibida la circulación de...', 'http://revista.dgt.es/Galerias/test/201412/Test-229-foto-p8.jpg', 0),
(27189466, 'Un turismo que circula entre la puesta y la salida del sol, ¿debe llevar iluminadas las placas de matrícula?', 'http://revista.dgt.es/Galerias/test/N-240-Especial-Reglamentacion-1/ESP-TEST-08.jpg', 0),
(27559402, 'Llevar encendido el teléfono móvil en el vehículo, ¿puede resultar peligroso?', 'http://revista.dgt.es/Galerias/test/201606/Test-236-P06-telef-160x146.jpg', 0),
(27629851, 'La influencia del factor de riesgo del vehículo, ¿cómo se puede disminuir?', 'http://revista.dgt.es/Galerias/test/201407/Test227preg12.jpg', 0),
(28063372, 'Necesita hacer una parada en una calle estrecha; ¿puede ocupar parte de la acera con su vehículo?', 'http://revista.dgt.es/Galerias/test/N-242/Test242-P10.jpg', 0),
(28206448, 'En esta vía, la separación entre los trazos de la línea discontinua es sensiblemente más corta que en el caso general; ¿qué puede anunciar?', 'http://revista.dgt.es/Galerias/test/N-240-Especial-Senales-3/Test-240-Preg-23.jpg', 0),
(28660032, 'La luz rotativa que llevan los vehículos especiales, ¿les concede prioridad frente a los demás conductores?', 'http://revista.dgt.es/Galerias/test/201512/Test-233-P11.jpg', 0),
(28689371, 'La luz antiniebla trasera deberá utilizarse en caso de...', 'http://revista.dgt.es/Galerias/test/N-240-Especial-Reglamentacion-1/ESP-TEST-07.jpg', 0),
(29165647, '¿Es conveniente circular en paralelo junto a un vehículo de dos ruedas?', 'http://revista.dgt.es/Galerias/test/N-240-Especial-Seg-Vial-I-4/33-Circular-en-paralelo-a-dos-ruedas', 0),
(29257340, 'Los accidentes de tráfico generan...', 'http://revista.dgt.es/Galerias/test/N-240-Especial-Seg-Vial-II-5/39-Los-accidentes-generan.jpg', 0),
(29637538, 'El conductor de un turismo utilizará un chaleco reflectante de alta visibilidad cuando salga del vehículo y ocupe...', 'http://revista.dgt.es/Galerias/test/N-243/Test-243-Preg-04-Chaleco.jpg', 0),
(30077214, 'Si circula sobre un pavimento mojado y al realizar una frenada observa que los frenos de su vehículo fallan, ¿qué debe hacer?', 'http://revista.dgt.es/Galerias/test/201312-Normal/PutnamDD1V9907_071009.jpg', 0),
(30406801, '¿Cuándo se considera que un vehículo estacionado constituye un grave obstáculo para la circulación?', 'http://revista.dgt.es/Galerias/test/201310/img-test-10.jpg', 0),
(30692687, 'Tomar un analgésico para el dolor de cabeza, ¿puede afectar a la conducción?', 'http://revista.dgt.es/Galerias/test/N-240-Especial-Seg-Vial-II-5/45-Tomar-una-pastilla-para-el-dolor', 0),
(30693221, 'En una autopista o autovía, ¿se puede utilizar la mediana en algún caso?', 'http://revista.dgt.es/Galerias/test/201612/Test238-P06-160x145.jpg', 0),
(30729314, 'Si la antigu?edad de su primer permiso de conducción es menor de 2 años, la tasa máxima de alcohol permitida para poder conducir es de...', 'http://revista.dgt.es/Galerias/test/N-245/P6-250x226.jpg', 0),
(30847877, 'Para ahorrar carburante debo...', 'http://revista.dgt.es/Galerias/test/201409/Test-228-preg-10.jpg', 0),
(31120131, 'El factor de riesgo que influye en la mayor parte de los accidentes, ¿cuál es?', 'http://revista.dgt.es/Galerias/test/201606/Test-236-P05-160x146.jpg', 0),
(31243453, '¿Es obligatorio apagar el motor cuando está cargando combustible?', 'http://revista.dgt.es/Galerias/test/201612/Test238-P12-160x145.jpg', 0),
(31257319, 'Esta señal, ¿puede indicar el principio de un paso inferior?', 'http://revista.dgt.es/Galerias/test/N-240-Especial-Senales-3/Test-240-Preg-28.jpg', 0),
(31272351, 'Se ve obligado a trasladar en su turismo a un herido. ¿Debe respetar las normas de circulación?', 'http://revista.dgt.es/Galerias/test/N-240-Especial-Reglamentacion-2/Test-240-Preg-14.jpg', 0),
(31529480, 'Cuando llueve o hay viento, ¿por qué hay que tener más precaución con los ciclistas?', 'http://revista.dgt.es/Galerias/test/201606/Test-236-P14-160x146.jpg', 0),
(31814464, '¿Es recomendable revisar el cinturón de seguridad después de sufrir un accidente?', 'http://revista.dgt.es/Galerias/test/201412/test-229-foto-p3.jpg', 0),
(32298880, 'En la maniobra de marcha atrás, ¿está exento el conductor del uso del cinturón de seguridad?', 'http://revista.dgt.es/Galerias/test/201402/Test-224-preg-4.jpg', 0),
(32404728, 'Esta señal indica el lugar a partir del cual...', 'http://revista.dgt.es/Galerias/test/201702/T239P13.jpg', 0),
(32739573, 'Cuando una señal vertical contradice a una señal de balizamiento fijo prevalece la señal...', 'http://revista.dgt.es/Galerias/test/201406/Test226-preg06-senales.jpg', 0),
(33042609, 'Las alteraciones del sueño, ¿pueden afectar al estado del conductor?', 'http://revista.dgt.es/Galerias/test/201305/img_test_10.jpg', 0),
(33074244, 'Circular por debajo del límite máximo de velocidad, ¿puede causar accidentes?', 'http://revista.dgt.es/Galerias/test/N-244/Test244-P10.jpg', 0),
(33080645, 'El tiempo de absorción del alcohol, ¿depende de la bebida ingerida?', 'http://revista.dgt.es/Galerias/test/201512/Test-233-P09.jpg', 0),
(33104044, 'La varilla del aceite del motor, ¿para qué sirve?', 'http://revista.dgt.es/Galerias/test/N-241/Test241-P10.jpg', 0),
(33211932, 'Cuando se aproxima a un puente móvil, ¿cómo debe actuar?', 'http://revista.dgt.es/Galerias/test/201303/img_test_02.jpg', 0),
(33452412, 'Una motocicleta de 5 años de antiguedad, ¿con qué periodicidad debe pasar la ITV?', 'http://revista.dgt.es/Galerias/test/201511/N232-P07.jpg', 0),
(33514487, '¿Puede afectar la carga excesiva del vehículo al correcto funcionamiento de los neumáticos?', 'http://revista.dgt.es/Galerias/test/201412/Test-229-foto-p2.jpg', 0),
(33644658, 'Circula con su turismo por una carretera en la que aparece esta señal de restricción con un panel de color amarillo que nos indica que no se permite circular a....', 'http://revista.dgt.es/Galerias/test/201604/P-11-N235.jpg', 0),
(33902948, 'Cuando una señal vertical contradice a una señal de balizamiento fijo prevalece la señal...', 'http://revista.dgt.es/Galerias/test/201511/N232-P13.jpg', 0),
(34631938, 'A la vista de la señal que realiza el agente, ¿cuándo podrá reanudar la marcha?', 'http://revista.dgt.es/Galerias/test/N-240-Especial-Senales-3/Test-240-Preg-27.jpg', 0),
(34976273, 'La velocidad máxima genérica para una motocicleta en una carretera convencional con arcén pavimentado de más de 1,50 metros de ancho es de...', 'http://revista.dgt.es/Galerias/test/201702/T239P12.jpg', 0),
(35195178, 'El reposacabezas, ¿cómo debe colocarse?', 'http://revista.dgt.es/Galerias/test/201302/Reposacabezas-preg-1-test-218.jpg', 0),
(35674851, 'Como norma general, ¿qué vehículo tendrá preferencia de paso en este estrechamiento cuando la prioridad no esté expresamente señalizada?', 'http://revista.dgt.es/Galerias/test/N-244/Test244-P5.jpg', 0),
(35927779, 'Quiere adelantar a un ciclista que circula por el arcén; ¿qué distancia lateral debe dejar?', 'http://revista.dgt.es/Galerias/test/N-242/Test242-P7-2.jpg', 0),
(35978961, 'La función de los sistemas de seguridad pasiva de un vehículo consiste en...', 'http://revista.dgt.es/Galerias/test/201310/img-test-09.jpg', 0),
(36343086, 'Si es necesario avisar a un ciclista con señales acústicas, ¿cómo deben realizarse?', 'http://revista.dgt.es/Galerias/test/201303/img_test_06.jpg', 0),
(36369390, '¿A qué vehículos prohíbe el adelantamiento esta señal?', 'http://revista.dgt.es/Galerias/test/N-243/Test-243-Preg-02-R-306.jpg', 0),
(36376449, 'Circula por un carril delimitado por marcas longitudinales dobles discontinuas en vía urbana, ¿qué precauciones debe adoptar?', 'http://revista.dgt.es/Galerias/test/201305/img_test_08.jpg', 0),
(36478119, 'Un turismo con remolque, ¿es 12 obligatorio que lleve una rueda de repuesto del remolque?', 'http://revista.dgt.es/Galerias/test/201511/N232-P12.jpg', 0),
(36863836, '¿Es recomendable la utilización de los reposacabezas en todos los asientos de un turismo?', 'http://revista.dgt.es/Galerias/test/N-240-Especial-Seg-Vial-I-4/35-Utilizacion-reposacabezas.jpg', 0),
(37099615, '¿Qué indica la flecha?', 'http://revista.dgt.es/Galerias/test/N-242/Test242-P9.jpg', 0),
(37167840, 'Las señales horizontales o marcas viales de color blanco, ¿tienen el mismo  significado que las señales verticales?', 'http://revista.dgt.es/Galerias/test/N-240-Especial-Senales-3/Test-240-Preg-26.jpg', 0),
(37349228, 'Una fila de escolares está cruzando la calzada. ¿Debe cederles el paso?', 'http://revista.dgt.es/Galerias/test/201610/TEST-237-P05.jpg', 0),
(37452169, 'En este tramo de vía, ¿cuándo puede adelantar a una motocicleta?', 'http://revista.dgt.es/Galerias/test/201310/img-test-07.jpg', 0),
(37691974, 'La utilización del carril habilitado para VAO...', 'http://revista.dgt.es/Galerias/test/N-240-Especial-Reglamentacion-1/ESP-TEST-010.jpg', 0),
(37914858, 'Si durante la conducción conecta el sistema de aire acondicionado, el consumo de carburante...', 'http://revista.dgt.es/Galerias/test/201412/Test-229-foto-p6.jpg', 0),
(38139815, 'En esta vía, la velocidad mínima permitida a los turismos es de...', 'http://revista.dgt.es/Galerias/test/N-242/Test242-P2.jpg', 0),
(39426874, 'Las autovías y las autopistas, en general, son en relación con las carreteras convencionales...', 'http://revista.dgt.es/Galerias/test/N-240-Especial-Seg-Vial-I-4/37-Autovias-y-autopistas.jpg', 0),
(39504708, 'Al inmovilizar un vehículo en una autopista es obligatorio señalizar la presencia del mismo...', 'http://revista.dgt.es/Galerias/test/201602/Test-234-P04.jpg', 0),
(39904676, '¿Quiénes están obligados a someterse a las pruebas de alcoholemia?', 'http://revista.dgt.es/Galerias/test/201610/TEST-237-P13.jpg', 0),
(39907719, '¿Qué sistema reduce el riesgo de bloqueo de las ruedas en caso de frenazo brusco?', 'http://revista.dgt.es/Galerias/test/201402/Test-224-preg-2.jpg', 0),
(39928151, 'Para transportar una mascota, salvo que exista en el vehículo un lugar destinado para su transporte, debe estar...', 'http://revista.dgt.es/Galerias/test/N-244/Test244-P11.jpg', 0),
(39932829, 'Circular demasiado cerca del vehículo de delante, ¿puede ser peligroso?', 'http://revista.dgt.es/Galerias/test/201407/Test227preg11.jpg', 0),
(40118490, '¿Qué puede hacer para evitar el acuaplanin?', 'http://revista.dgt.es/Galerias/test/201312-Invierno/10.-Lluvia-en-prueba-160x146.jpg', 0),
(40333351, 'Esta señal indica la proximidad de...', 'http://revista.dgt.es/Galerias/test/N-245/P4-P-9a-250x226.jpg', 0),
(40582394, 'El agente balancea una luz roja o amarilla, ¿a qué obliga?', 'http://revista.dgt.es/Galerias/test/201307/img_test_04.jpg', 0),
(41368596, 'Encender el intermitente, ¿da preferencia siempre para hacer maniobras?', 'http://revista.dgt.es/Galerias/test/N-243/Test-243-Preg-11-m224.jpg', 0),
(41475506, 'Programar un navegador GPS mientras se conduce, ¿provoca distracciones que afectan a la conducción?', 'http://revista.dgt.es/Galerias/test/201305/img_test_02.jpg', 0),
(41679952, '¿Se debe aumentar la distancia de seguridad cuando exista niebla?', 'http://revista.dgt.es/Galerias/test/201412/Test-229-foto-p7.jpg', 0),
(41688159, 'La señal indica la situación de:', 'http://revista.dgt.es/Galerias/test/201305/img_test_11.jpg', 0),
(41894796, 'Cuando se consume alcohol, ¿se producen alteraciones en la visión?', 'http://revista.dgt.es/Galerias/test/N-244/Test244-P12.jpg', 0),
(42297413, 'Estaciona su vehículo en pendiente descendente (en bajada). ¿Qué velocidad debe dejar puesta?', 'http://revista.dgt.es/Galerias/test/201310/img-test-06.jpg', 0),
(42411867, '¿Cuándo está bien colocado en el asiento para conducir?', 'http://revista.dgt.es/Galerias/test/201606/Test-236-P02-160x146.jpg', 0),
(42900183, '¿Cómo debe sentarse el pasajero de una motocicleta?', 'http://revista.dgt.es/Galerias/test/N-244/Test244-P6.jpg', 0),
(42997221, 'Antes de iniciar un adelantamiento, ¿qué debe comprobar?', 'http://revista.dgt.es/Galerias/test/201702/T239P06.jpg', 0),
(43191882, 'Bajo los efectos de la depresión...', 'http://revista.dgt.es/Galerias/test/201406/Test226-preg04-Depresion.jpg', 0),
(43271325, 'Al estacionar en una pendiente descendente, ¿qué precauciones debe adoptar?', 'http://revista.dgt.es/Galerias/test/201602/Test-234-P10.jpg', 0),
(43275138, 'Un cambio de rasante es:', 'http://revista.dgt.es/Galerias/test/201604/P-06-N235.jpg', 0),
(43352977, 'Para evitar atropellos a los ciclistas es conveniente...', 'http://revista.dgt.es/Galerias/test/201305/img_test_03.jpg', 0),
(43387050, 'Esta señal indica...', 'http://revista.dgt.es/Galerias/test/201404/Test225foto3160x146.jpg', 0),
(43389905, 'Fumar al volante...', 'http://revista.dgt.es/Galerias/test/201612/Test238-P14-160x145.jpg', 0),
(43520096, 'En doble fila, ¿qué está prohibido?', 'http://revista.dgt.es/Galerias/test/201702/T239-P08.jpg', 0),
(43854573, '¿Está permitido estacionar en la parte transitable del arcén de una vía interurbana?', 'http://revista.dgt.es/Galerias/test/201302/Arcen-preg-2-test-218.jpg', 0),
(43948033, 'En una intersección señalizada en la que se encuentra un agente regulando el tráfico, ¿qué debe hacer?', 'http://revista.dgt.es/Galerias/test/N-244/Test244-P4.jpg', 0),
(44004427, '¿Cuál es la misión principal del líquido refrigerante?', 'http://revista.dgt.es/Galerias/test/201407/Test227preg07.jpg', 0),
(44136424, 'El conductor de una motocicleta que cuenta con estructura de autoprotección y cinturón de seguridad, ¿está obligado a utilizar casco?', 'http://revista.dgt.es/Galerias/test/N-240-Especial-Motos-6/46-Estructura-proteccion.jpg', 0),
(44261769, 'En las autovías, ¿cuál es la velocidad mínima permitida para turismos?', 'http://revista.dgt.es/Galerias/test/N-244/Test244-P1.jpg', 0),
(44359954, 'Las lámparas de xenón...', 'http://revista.dgt.es/Galerias/test/N-240-Especial-Seg-Vial-I-4/34-ns63.jpg', 0),
(44407854, 'Si los ocupantes de los asientos traseros de un vehículo son menores de edad y de estatura igual o inferior a 135 cm de altura, ¿qué dispositivos de seguridad deben utilizar?', 'http://revista.dgt.es/Galerias/test/201512/Test-233-P05.jpg', 0),
(44539021, 'A mayor velocidad aumenta...', 'http://revista.dgt.es/Galerias/test/201602/Test-234-P13.jpg', 0),
(44650073, 'Como norma general, las maniobras deben advertirse utilizando:', 'http://revista.dgt.es/Galerias/test/201305/img_test_01.jpg', 0),
(44953248, '¿Está permitido estacionar en una calle residencial?', 'http://revista.dgt.es/Galerias/test/201511/N232-P14.jpg', 0),
(45064596, 'En una intersección sin señalización expresa, la norma general de preferencia de paso es...', 'http://revista.dgt.es/Galerias/test/201302/Cruce-preg-6-test-218.jpg', 0),
(45181914, 'Esta señal indica peligro por...', 'http://revista.dgt.es/Galerias/test/201702/T239P02-P-33.jpg', 0),
(45644277, 'Los vehículos no podrán circular por las vías emitiendo...', 'http://revista.dgt.es/Galerias/test/201312-Normal/PutnamDD1V4720-110908.jpg', 0),
(45886879, 'En el arcén de esta vía, ¿puede inmovilizar su vehículo para ver el paisaje?', 'http://revista.dgt.es/Galerias/test/201604/P-14-N235.jpg', 0),
(45948934, 'En caso de decidir poner unos neumáticos de invierno, ¿cuándo deberá cambiar los neumáticos de verano por unos de invierno?', 'http://revista.dgt.es/Galerias/test/201312-Invierno/8.-00051679_Hd-160x146.jpg', 0),
(46110247, '¿Qué indica la señal?', 'http://revista.dgt.es/Galerias/test/201409/Test-228-preg-5.jpg', 0),
(46157809, 'Conducir, con un permiso de la clase B, un turismo que arrastra un remolque ligero, ¿está permitido?', 'http://revista.dgt.es/Galerias/test/N-240-Especial-Reglamentacion-1/ESP-TEST-01.jpg', 0),
(46384072, 'En el carril de circulación de la derecha, ¿se puede estacionar?', 'http://revista.dgt.es/Galerias/test/N-243/Test-243-Preg-8.jpg', 0),
(46530505, 'Esta señal en un carril de un puesto de peaje, ¿qué indica?', 'http://revista.dgt.es/Galerias/test/201307/img_test_11.jpg', 0),
(47230331, 'En condiciones meteorológicas o ambientales desfavorables, ¿cómo debe ser la separación con los vehículos que circulan delante?', 'http://revista.dgt.es/Galerias/test/201610/TEST-237-P12.jpg', 0),
(47378528, '¿Son evitables los accidentes de circulación?', 'http://revista.dgt.es/Galerias/test/201303/img_test_08.jpg', 0),
(48551317, 'El conductor del vehículo blanco quiere volver rápidamente al carril derecho porque ve un peligro. ¿Qué debe hacer el conductor del vehículo verde?', 'http://revista.dgt.es/Galerias/test/N-245/P10-y-12-250x226.jpg', 0),
(48804324, '¿Está obligado a circular a una velocidad adecuada si las condiciones meteorológicas o ambientales son adversas?', 'http://revista.dgt.es/Galerias/test/N-243/Test-243-Preg-11-Ampliada.jpg', 0),
(48866873, 'Para circular de noche por una travesía. ¿Qué luces son obligatorias?', 'http://revista.dgt.es/Galerias/test/N-241/Test241-P12.jpg', 0),
(49433018, 'En una calzada con nieve, ¿el uso brusco e inadecuado de los frenos puede ser causa de derrape?', 'http://revista.dgt.es/Galerias/test/N-245/Ampliada-250x226.jpg', 0),
(49707641, '¿Cuándo hay que ponerse el chaleco reflectante?', 'http://revista.dgt.es/Galerias/test/201507/Preg-09-test-230-160x146.jpg', 0),
(49753956, 'Al aproximarnos a un autobús con esta señal en su parte posterior y que se encuentra parado recogiendo pasajeros, se deberá...', 'http://revista.dgt.es/Galerias/test/201604/P-05-N235.jpg', 0),
(49934528, 'Cuando la goma de un neumático se endurece por envejecimiento, ¿es peligroso?', 'http://revista.dgt.es/Galerias/test/201604/P-13-N235.jpg', 0),
(50190902, 'Con el permiso de la clase B, ¿qué otros vehículos se pueden conducir, además de turismos?', 'http://revista.dgt.es/Galerias/test/201610/TEST-237-P03.jpg', 0),
(50486309, 'En esta vía interurbana, podrá parar su vehículo en la parte transitable del arcén...', 'http://revista.dgt.es/Galerias/test/N-243/Test-243-Preg-13-Para-en-arcen.jpg', 0),
(50991139, 'Si observa que cuando circula en línea recta el vehículo se desvía hacia un lado, puede ser debido a...', 'http://revista.dgt.es/Galerias/test/201511/N232-P09.jpg', 0),
(51095055, 'Los conductores, durante los dos años siguientes a la obtención de su primer permiso o licencia de conducción, no podrán superar la tasa de...', 'http://revista.dgt.es/Galerias/test/201312-Normal/P-04-LUCIA_33.jpg', 0),
(51187927, 'En esta zona con línea amarilla en zig-zag, ¿qué está prohibido?', 'http://revista.dgt.es/Galerias/test/201307/img_test_09.jpg', 0),
(51208485, 'El consumo de alcohol, ¿favorece las distracciones en la conducción?', 'http://revista.dgt.es/Galerias/test/201303/img_test_11.jpg', 0),
(51777542, 'El agente balancea una luz roja o amarilla, ¿a qué obliga?', 'http://revista.dgt.es/Galerias/test/201604/P-04-N235.jpg', 0),
(52211883, 'La persona que conduce bajo los efectos de las drogas...', 'http://revista.dgt.es/Galerias/test/N-240-Especial-Seg-Vial-II-5/42-Conduce-bajo-efectos-drogas.jpg', 0),
(52227928, '¿Es aconsejable que los conductores de motocicletas lleven guantes?', 'http://revista.dgt.es/Galerias/test/201606/Test-236-P09-160x146.jpg', 0),
(52258556, 'Al poner en marcha un motor de gasolina, es conveniente...', 'http://revista.dgt.es/Galerias/test/N-244/Test244-P2.jpg', 0),
(52594952, '¿Es conveniente revisar con frecuencia el estado de los neumáticos?', 'http://revista.dgt.es/Galerias/test/201310/img-test-03.jpg', 0),
(52803278, 'Circula con su turismo por esta vía interurbana con un carril para cada sentido; si no pretende adelantar al camión, ¿qué distancia de seguridad debe dejar?', 'http://revista.dgt.es/Galerias/test/N-240-Especial-Reglamentacion-2/Test-240-Preg-22.jpg', 0),
(52843860, '¿Cómo influye el estado de los neumáticos en la eficacia de la frenada?', 'http://revista.dgt.es/Galerias/test/201312-Invierno/1.-PL28917-160x146.jpg', 0),
(53186459, 'Las lámparas del automóvil deben sustituirse...', 'http://revista.dgt.es/Galerias/test/201404/Test225foto2160x146.jpg', 0),
(53472409, 'Al elegir un casco para conducir una motocicleta, ¿qué debe tener en cuenta?', 'http://revista.dgt.es/Galerias/test/201512/Test-233-PAMPLIADA.jpg', 0),
(53664649, 'Esta señal prohíbe la entrada...', 'http://revista.dgt.es/Galerias/test/201307/img_test_08.jpg', 0),
(53810615, 'Hablar por un teléfono con dispositivo de manos libres durante la conducción...', 'http://revista.dgt.es/Galerias/test/N-240-Especial-Seg-Vial-II-5/43-Movil-con-manos-libres.jpg', 0),
(54056877, 'Si la separación entre los trazos de una línea longitudinal discontinua es sensiblemente más corta que en el caso general, anuncia...', 'http://revista.dgt.es/Galerias/test/201402/Test-224-preg-9.jpg', 0),
(54815771, 'En condiciones de niebla espesa deberá...', 'http://revista.dgt.es/Galerias/test/N-245/P5-250x226.jpg', 0),
(55237291, 'La luz antiniebla trasera deberá utilizarse en caso de...', 'http://revista.dgt.es/Galerias/test/N-243/Test-243-Preg-01-Niebla.jpg', 0),
(55239044, 'En esta situación de aglomeración, ¿podrá circular por el arcén?', 'http://revista.dgt.es/Galerias/test/201702/T239P05.jpg', 0),
(55319309, 'Como norma general, una motocicleta, ¿puede circular por el arcén?', 'http://revista.dgt.es/Galerias/test/N-244/Test244-P8.jpg', 0),
(55644468, 'Si se encuentra un accidente de tráfico, ¿debe detenerse para auxiliar y prestar ayuda a las víctimas?', 'http://revista.dgt.es/Galerias/test/201305/img_test_07.jpg', 0),
(55768599, 'Fuera de poblado, los peatones deberán circular siempre por su derecha cuando...', 'http://revista.dgt.es/Galerias/test/201602/Test-234-P14.jpg', 0),
(55803722, 'En una autopista con tres carriles para cada sentido, ¿por cuál se debe circular normalmente?', 'http://revista.dgt.es/Galerias/test/N-243/Test-243-Preg-6-Autopista.jpg', 0),
(55960706, 'Si por una emergencia queda inmovilizado en un túnel, deberá...', 'http://revista.dgt.es/Galerias/test/N-240-Especial-Reglamentacion-2/Test-240-Preg-12.jpg', 0),
(56038006, 'Al mezclar las drogas con alcohol...', 'http://revista.dgt.es/Galerias/test/201312-Normal/P-01-drogas24.jpg', 0),
(56286381, 'El equipaje en la baca de un turismo, ¿puede sobresalir por los lados?', 'http://revista.dgt.es/Galerias/test/201412/Test-229-foto-p11.jpg', 0),
(56676900, '¿Qué alumbrado llevará encendido una motocicleta durante el día?', 'http://revista.dgt.es/Galerias/test/201302/Alumbrado-moto-preg-3-test-218.jpg', 0),
(56793570, 'Un vehículo que circula por un carril adicional, ¿está obligado a llevar algún tipo de alumbrado?', 'http://revista.dgt.es/Galerias/test/201409/Test-228-preg-4.jpg', 0),
(56957898, 'El impacto económico de los accidentes de tráfico afecta a...', 'http://revista.dgt.es/Galerias/test/N-244/Test244-P15.jpg', 0),
(57015046, '¿Qué vehículos no pueden circular por esta calzada?', 'http://revista.dgt.es/Galerias/test/201507/Preg-01-Test-230-160x146.jpg', 0),
(57213209, 'Si por cualquier circunstancia tuviera que realizar la operación de descarga de su vehículo dentro de la vía pública, ¿cómo deberá hacerlo?', 'http://revista.dgt.es/Galerias/test/N-240-Especial-Reglamentacion-1/ESP-TEST-06.jpg', 0),
(57333947, '¿Es recomendable la utilización de cojines en los asientos?', 'http://revista.dgt.es/Galerias/test/201402/Test-224-preg-1.jpg', 0),
(57458883, 'Al tomar una curva, nota que su vehículo no gira tanto como debería porque los neumáticos delanteros han perdido cierta adherencia; ¿qué es lo primero que debe hacer?', 'http://revista.dgt.es/Galerias/test/201312-Invierno/9.PutnamBBAW5802-230206-160x146.jpg', 0),
(57728324, 'Los ocupantes del vehículo van a bajarse, ¿por qué lado deben hacerlo?', 'http://revista.dgt.es/Galerias/test/201604/P-03-N235.jpg', 0),
(58107789, '¿Cómo se deben regular los espejos en los vehículos?', 'http://revista.dgt.es/Galerias/test/N-240-Especial-Reglamentacion-2/Test-240-Preg-19.jpg', 0),
(58902899, '¿Qué señala la flecha de la señal?', 'http://revista.dgt.es/Galerias/test/201507/Preg-14-Test-230-160x146.jpg', 0),
(58955874, 'A la vista de esta señal, ¿puede pasar conduciendo un ciclomotor?', 'http://revista.dgt.es/Galerias/test/201604/P-08-N235.jpg', 0),
(60503577, 'Este panel se coloca debajo de una señal de peligro para indicar:', 'http://revista.dgt.es/Galerias/test/201305/img_test_09.jpg', 0),
(60762316, 'Una marca longitudinal formada por dos líneas continuas adosadas...', 'http://revista.dgt.es/Galerias/test/201407/Test227preg02.jpg', 0),
(61067777, 'Mientras conduce, ¿es necesario utilizar los espejos retrovisores con regularidad?', 'http://revista.dgt.es/Galerias/test/201303/img_test_01.jpg', 0),
(61336724, 'En caso de lluvia intensa, ¿es recomendable aumentar la distancia de seguridad y reducir la velocidad?', 'http://revista.dgt.es/Galerias/test/201612/Test238-p03-160x145.jpg', 0),
(61770173, 'Si un turismo traslada a un enfermo al hospital con urgencia:', 'http://revista.dgt.es/Galerias/test/201412/Test-229-foto-p10.jpg', 0),
(61887563, 'En caso de emergencia, ¿es conveniente pisar el pedal de freno a fondo y mantener la máxima presión hasta el final?', 'http://revista.dgt.es/Galerias/test/201303/img_test_10.jpg', 0),
(61970598, 'Circulando por autopista, prevé que su vehículo va a quedar inmovilizado por circunstancias del tráfico; ¿cómo deberá advertirlo?', 'http://revista.dgt.es/Galerias/test/N-240-Especial-Reglamentacion-2/Test-240-Preg-18.jpg', 0),
(62358308, 'Los niños alborotando en los asientos traseros, ¿pueden provocar que el conductor se distraiga?', 'http://revista.dgt.es/Galerias/test/201312-Normal/P-02-PutnamBBAW7202-240406.jpg', 0),
(62634193, '¿Está permitido que la carga de un turismo sobresalga por los laterales?', 'http://revista.dgt.es/Galerias/test/201305/img_test_04.jpg', 0),
(63689098, 'En una travesía sin limitación específica, ¿cuál es la velocidad máxima permitida para adelantar?', 'http://revista.dgt.es/Galerias/test/201406/Test226-Preg-02-Trasvesia.jpg', 0),
(63717927, 'La velocidad, ¿influye en la capacidad de anticipación del conductor?', 'http://revista.dgt.es/Galerias/test/201507/Preg-06-test-230-160x146.jpg', 0),
(63870540, '¿Qué factor se relaciona con los accidentes juveniles?', 'http://revista.dgt.es/Galerias/test/201612/Test238-P10-160x145.jpg', 0),
(64086910, 'El tiempo de reacción puede aumentar...', 'http://revista.dgt.es/Galerias/test/N-241/Test241-P5.jpg', 0),
(64317906, 'Durante el día, con niebla densa o lluvia intensa, ¿se puede circular con la luz de largo alcance encendida?', 'http://revista.dgt.es/Galerias/test/201602/Test-234-P06.jpg', 0),
(65085842, '¿El estrés puede alterar las capacidades para conducir con seguridad?', 'http://revista.dgt.es/Galerias/test/N-242/Test242-P15.jpg', 0),
(65653292, 'En curvas y cambios de rasante de visibilidad reducida está prohibido...', 'http://revista.dgt.es/Galerias/test/201507/Preg-13-test-230-160x146.jpg', 0),
(66092778, 'Existe un mayor riesgo de somnolencia en vías con...', 'http://revista.dgt.es/Galerias/test/201606/Test-236-P07-160x146.jpg', 0),
(66904988, 'En condiciones invernales, para mantener buena adherencia de los neumáticos, debemos...', 'http://revista.dgt.es/Galerias/test/201312-Invierno/3.-PutnamBBAW5707-230206-160x146.jpg', 0),
(67179347, 'Adelantar a varios vehículos a la vez, ¿está permitido?', 'http://revista.dgt.es/Galerias/test/201303/img_test_04.jpg', 0),
(67208539, '¿A qué velocidad máxima puede circular por una autopista un turismo que arrastra un remolque ligero?', 'http://revista.dgt.es/Galerias/test/N-240-Especial-Reglamentacion-1/ESP-TEST-09.jpg', 0),
(67244363, '¿Qué indica esta señal?', 'http://revista.dgt.es/Galerias/test/201305/img_test_06.jpg', 0),
(67553935, 'La amortiguación, ¿contribuye a prevenir los accidentes?', 'http://revista.dgt.es/Galerias/test/201602/Test-234-P12.jpg', 0),
(68106985, 'Los dos primeros años con permiso, ¿cuál es la tasa máxima de alcohol?', 'http://revista.dgt.es/Galerias/test/201511/N232-P05.jpg', 0),
(68158026, '¿Cuándo es obligatorio utilizar la luz de emergencia?', 'http://revista.dgt.es/Galerias/test/N-242/Test242-P6.jpg', 0),
(68170646, 'En una intersección regulada por esta señal, ¿a quién debe ceder el paso?', 'http://revista.dgt.es/Galerias/test/201604/P-09-N235.jpg', 0),
(68199855, 'Es de noche y necesita inmovilizar su vehículo en el arcén de una carretera por avería. ¿Qué luces debe encender?', 'http://revista.dgt.es/Galerias/test/201606/Test-236-P01.jpg', 0),
(68888595, 'Ante un paso para peatones señalizado con marca vial solamente, ¿cuándo hay que detenerse?', 'http://revista.dgt.es/Galerias/test/201412/Test-229-foto-p1.jpg', 0),
(68910974, '¿Cuáles son los daños no cubiertos por el seguro obligatorio al causante de un accidente?', 'http://revista.dgt.es/Galerias/test/N-243/Test-243-Preg-7-Accidente-y-seguro.jpg', 0),
(68935851, 'A partir de esta señal, circular como mínimo a 30 kilómetros por hora...', 'http://revista.dgt.es/Galerias/test/201610/TEST-237-P15.jpg', 0),
(69365045, 'Las primeras lluvias hacen más resbaladizas las carreteras porque...', 'http://revista.dgt.es/Galerias/test/201312-Invierno/4.BBAW9889-160x146.jpg', 0),
(69506973, 'Con analgésicos o anhistamínicos es conveniente…', 'http://revista.dgt.es/Galerias/test/201303/img_test_03.jpg', 0),
(69554793, 'En esta situación, ¿cuál es la distancia de seguridad entre vehículos?', 'http://revista.dgt.es/Galerias/test/201307/img_test_03.jpg', 0),
(69636174, '¿Qué indica la señal?', 'http://revista.dgt.es/Galerias/test/201612/Test-238-P02-160x145.jpg', 0),
(69648587, '¿Por dónde se debe circular en un cambio de rasante de reducida visibilidad?', 'http://revista.dgt.es/Galerias/test/201404/Test225foto6160x146.jpg', 0),
(69710310, '¿Qué relación existe entre la velocidad y el campo de visión del conductor?', 'http://revista.dgt.es/Galerias/test/201612/Test238-P05-160x145.jpg', 0),
(69824973, 'El hielo, la nieve, la calzada mojada y las obras, ¿de qué factor de riesgo forman parte?', 'http://revista.dgt.es/Galerias/test/N-242/Test242-P14.jpg', 0),
(70312160, '¿Debe señalizarse un vehículo inmovilizado por avería en el arcén?', 'http://revista.dgt.es/Galerias/test/201412/Test-229-foto-p5.jpg', 0),
(70677178, 'Al cruzarse con el peatón, la distancia lateral que debe dejar el vehículo es...', 'http://revista.dgt.es/Galerias/test/201404/Test225foto1160x146.jpg', 0),
(70856689, 'Es obligatorio finalizar un adelantamiento...', 'http://revista.dgt.es/Galerias/test/201612/Test238-P04-160x145.jpg', 0),
(70965319, 'La lluvia en la calzada es más peligrosa cuando...', 'http://revista.dgt.es/Galerias/test/201312-Invierno/6.-se569-160x146.jpg', 0),
(71154770, 'Si presencia un accidente de circulación, ¿tiene obligación de avisar a la Autoridad o a sus agentes si solo hay heridos leves y la seguridad de la circulación está restablecida?', 'http://revista.dgt.es/Galerias/test/N-244/Test244-P13.jpg', 0),
(71447937, '¿Cuándo está permitido utilizar las señales acústicas?', 'http://revista.dgt.es/Galerias/test/201512/TEST-233-P06.jpg', 0),
(71538517, 'En esta vía urbana con dos carriles para cada sentido que no tiene líneas de separación de carriles, ¿por qué carril se debe circular?', 'http://revista.dgt.es/Galerias/test/201511/N232-P03.jpg', 0),
(71967050, '¿Qué relación existe entre la velocidad y el campo de visión del conductor?', 'http://revista.dgt.es/Galerias/test/201303/img_test_07.jpg', 0),
(72071893, '¿Qué síntomas nos avisan de que estamos fatigados?', 'http://revista.dgt.es/Galerias/test/N-242/Test242-P5.jpg', 0),
(72339319, 'Antes de repostar combustible es necesario...', 'http://revista.dgt.es/Galerias/test/N-240-Especial-Reglamentacion-1/ESP-TEST-011.jpg', 0),
(72554325, 'Al adelantar, ¿cuándo debe volver al carril derecho?', 'http://revista.dgt.es/Galerias/test/201512/Test-233-P07.jpg', 0),
(73014706, '¿Qué efectos puede producir un resfriado en la conducción?', 'http://revista.dgt.es/Galerias/test/201612/Test238-P08-160x145.jpg', 0),
(73178821, 'El tiempo desde que ve un peligro hasta que actúa, ¿cómo se llama?', 'http://revista.dgt.es/Galerias/test/201606/Test-236-P04-160x146.jpg', 0),
(73185265, 'Los excesos de velocidad...', 'http://revista.dgt.es/Galerias/test/N-240-Especial-Seg-Vial-I-4/31-Los-excesos-de-velocidad.jpg', 0),
(73190603, 'Un vehículo especial de reparación o conservación de vías, al entrar en una autopista, debe utilizar la luz de señalización V-2...', 'http://revista.dgt.es/Galerias/test/201610/TEST-237-P14.jpg', 0),
(73205803, 'En una glorieta regulada exclusivamente por esta señal, ¿quién tiene prioridad de paso?', 'http://revista.dgt.es/Galerias/test/N-240-Especial-Senales-3/Test-240-Preg-24.jpg', 0),
(73649889, 'Cuando para realizar un cambio de sentido obstaculiza la marcha de los vehículos que circulan detrás, deberá...', 'http://revista.dgt.es/Galerias/test/201612/Test238-P11-160x145.jpg', 0),
(73738486, 'El conductor que consume cocaína...', 'http://revista.dgt.es/Galerias/test/201606/Test-236-P13-160x146.jpg', 0),
(73783596, '¿Es conveniente hacer una revisión exhaustiva del estado del vehículo si el humo que despide el tubo de escape es de color negro?', 'http://revista.dgt.es/Galerias/test/201507/Preg-03-test-230-160x146.jpg', 0),
(73826086, 'Con la lluvia se forma una capa de agua que crea un mayor peligro por...', 'http://revista.dgt.es/Galerias/test/201409/Test-228-preg-12.jpg', 0),
(74322485, 'Circulando en moto, si la carretera se encuentra mojada, ¿cómo se debe tomar una curva?', 'http://revista.dgt.es/Galerias/test/201312-Invierno/5-lluvia2-160x146.jpg', 0),
(74471254, 'Esta señal, ¿puede indicar el principio de un paso inferior?', 'http://revista.dgt.es/Galerias/test/N-240-Especial-Senales-3/Test-240-Preg-28.jpg', 0),
(74691498, 'Una furgoneta de uso privado dedicada al transporte de personas, con capacidad para nueve plazas, incluido el conductor, ¿cuándo debe pasar la primera ITV?', 'http://revista.dgt.es/Galerias/test/201606/Test-236-P03-ESP-160x146.jpg', 0),
(75118152, '¿A qué altura debe quedar la parte central del reposacabezas?', 'http://revista.dgt.es/Galerias/test/201409/Test-228-preg-2.jpg', 0),
(75538724, 'En caso de padecer una alergia respiratoria, ¿es conveniente conducir con las ventanillas abiertas?', 'http://revista.dgt.es/Galerias/test/201310/img-test-08.jpg', 0),
(75634825, 'Como norma general, en una vía interurbana que no dispone de zona peatonal, ¿por qué lado deben circular los peatones?', 'http://revista.dgt.es/Galerias/test/N-240-Especial-Reglamentacion-2/Test-240-Preg-15.jpg', 0),
(76176740, 'En una glorieta regulada exclusivamente por esta señal, ¿quién tiene prioridad de paso?', 'http://revista.dgt.es/Galerias/test/N-240-Especial-Senales-3/Test-240-Preg-24.jpg', 0),
(76346356, '¿Le está permitido parar su motocicleta en la parte transitable del arcén de una vía interurbana?', 'http://revista.dgt.es/Galerias/test/201310/img-test-11.jpg', 0),
(76418646, 'Debido a una avería circula por una autopista a 50 km/h y dificulta la circulación. ¿Qué debe hacer?', 'http://revista.dgt.es/Galerias/test/201310/img-test-04.jpg', 0),
(76422729, 'Debido a un pinchazo sustituye una de las ruedas de su vehículo por la de uso temporal. ¿Cuántos kilómetros podrá circular en esas condiciones?', 'http://revista.dgt.es/Galerias/test/N-241/Test241-P11.jpg', 0),
(76701282, 'Un semáforo con una flecha negra sobre una luz roja fija...', 'http://revista.dgt.es/Galerias/test/201610/TEST-237-P-06.jpg', 0),
(76931715, 'Al descargar mercancías de un vehículo, ¿está permitido depositarlas en la acera?', 'http://revista.dgt.es/Galerias/test/201312-Normal/P-03-rt120.jpg', 0),
(77115445, 'Se considera que una vía está insuficientemente iluminada cuando...', 'http://revista.dgt.es/Galerias/test/201312-Normal/P-09-PutnamBBAW1027-021807.jpg', 0),
(77651657, 'A la vista de la señal, ¿es obligatorio detenerse para dejar pasar a un vehículo que circula en sentido contrario?', 'http://revista.dgt.es/Galerias/test/201702/T239P11.jpg', 0),
(77920749, '¿Debe facilitar el paso a una ambulancia que utiliza la señal luminosa pero no la señal acústica?', 'http://revista.dgt.es/Galerias/test/201404/Test225foto5160x146.jpg', 0),
(78097169, 'En un túnel con un carril para cada sentido de circulación, ¿está permitido adelantar?', 'http://revista.dgt.es/Galerias/test/N-240-Especial-Reglamentacion-1/ESP-TEST-05.jpg', 0),
(78875868, '¿Puede el conductor reducir la probabilidad de accidente debida al “factor vía”?', 'http://revista.dgt.es/Galerias/test/N-244/Test244-P9.jpg', 0),
(78946063, 'La fatiga al volante es un factor de riesgo para la conducción producida por...', 'http://revista.dgt.es/Galerias/test/201404/Test225foto4160x146.jpg', 0),
(79207082, 'Para evitar o retrasar la aparición de la fatiga, es aconsejable que el conductor...', 'http://revista.dgt.es/Galerias/test/N-245/P8-CONDUCTORES-Y-SUENO-250x226.jpg', 0),
(80362886, 'Después de adelantar al turismo y al camión el turismo verde desea seguir adelantando a otros vehículos. ¿Debe regresar antes al carril derecho?', 'http://revista.dgt.es/Galerias/test/201604/P-12-N235.jpg', 0),
(80393912, 'En los cambios de carril en un mismo sentido, ¿quién tiene prioridad?', 'http://revista.dgt.es/Galerias/test/201702/T239P04.jpg', 0),
(80519941, 'Conducir con mal tiempo, ¿puede favorecer la fatiga?', 'http://revista.dgt.es/Galerias/test/201602/Test-234-P11.jpg', 0),
(80637741, 'En este tramo de vía de visibilidad reducida, ¿está permitido realizar un cambio de sentido?', 'http://revista.dgt.es/Galerias/test/201305/img_test_05.jpg', 0),
(80847699, 'En el arcén de esta autovía, ¿qué le está permitido?', 'http://revista.dgt.es/Galerias/test/201404/Test225foto8160x146.jpg', 0),
(81004860, 'Para comprobar la presión de inflado, ¿cómo deben estar los neumáticos?', 'http://revista.dgt.es/Galerias/test/N-243/Test-243-Preg-5-presion-neumaticos.jpg', 0),
(81120797, 'Hay una nube de humo. ¿Debe utilizarse algún tipo de alumbrado?', 'http://revista.dgt.es/Galerias/test/201702/T239-P01.jpg', 0),
(81632084, 'Una fila escolar va a cruzar la calzada. ¿Es obligatorio cederle el paso?', 'http://revista.dgt.es/Galerias/test/201512/Test-233-P13.jpg', 0),
(81818892, 'Mientras conduce, ¿qué teléfonos está permitido utilizar?', 'http://revista.dgt.es/Galerias/test/N-243/Test-243-Preg-14-Alberto-Espada-Movil-Ipad-13.jpg', 0),
(81908759, '¿Qué indica la señal?', 'http://revista.dgt.es/Galerias/test/N-245/P9-S-16-250x226.jpg', 0),
(82570950, 'En ciudad, ¿es importante no circular a más de 50 kilómetros por hora?', 'http://revista.dgt.es/Galerias/test/201511/N232-P08.jpg', 0),
(82602298, '¿Es correcto el uso frecuente del freno de mano cuando se conduce?', 'http://revista.dgt.es/Galerias/test/201610/TEST-237-p01.jpg', 0),
(82661497, 'Conducir durante mucho tiempo sin descansar...', 'http://revista.dgt.es/Galerias/test/N-241/Test241-P7.jpg', 0),
(82738062, 'Si conduciendo le sorprende una lluvia torrencial...', 'http://revista.dgt.es/Galerias/test/201404/Test225foto7160x146.jpg', 0),
(82756982, 'El conductor del vehículo que utiliza el carril adicional...', 'http://revista.dgt.es/Galerias/test/N-245/Carril-adicional-250x226.jpg', 0),
(83179382, 'Un conductor que es requerido por los agentes para una prueba de alcoholemia, ¿está obligado a someterse a ella?', 'http://revista.dgt.es/Galerias/test/N-240-Especial-Seg-Vial-II-5/40-Esta-obligado-a-control-de-alcoh', 0),
(83816733, 'Para ahorrar carburante, ¿qué debe hacer?', 'http://revista.dgt.es/Galerias/test/N-240-Especial-Seg-Vial-I-4/30-Para-ahorrar-combustible.jpg', 0),
(83936675, 'Para repostar carburante, ¿cómo debe actuar?', 'http://revista.dgt.es/Galerias/test/201407/Test227preg05.jpg', 0),
(84247139, 'El viento por la derecha en los adelantamientos a vehículos grandes, ¿por qué es peligroso?', 'http://revista.dgt.es/Galerias/test/201402/Test-224-preg-10.jpg', 0),
(84417540, 'Los dos primeros años con permiso, ¿cuál es la tasa máxima de alcohol?', 'http://revista.dgt.es/Galerias/test/201602/Test-234-P01.jpg', 0),
(84620518, 'Las señales de obras...', 'http://revista.dgt.es/Galerias/test/N-241/Test241-P3.jpg', 0);
INSERT INTO `pregunta` (`codpregunta`, `texto`, `imagen`, `tema`) VALUES
(84651718, 'Marcas blancas y rojas de la calzada, ¿qué indican?', 'http://revista.dgt.es/Galerias/test/201409/Test-228-preg-11.jpg', 0),
(84933316, 'Si ha cambiado de domicilio, ¿tiene obligación de comunicarlo a la Jefatura de Tráfico?', 'http://revista.dgt.es/Galerias/test/201307/img_test_01.jpg', 0),
(85056149, '¿Es recomendable hacer una puesta a punto  del vehículo después de las vacaciones estivales?', 'http://revista.dgt.es/Galerias/test/201409/Test-228-preg-8-ampliada.jpg', 0),
(85393198, 'Fuera de poblado, como norma general , ¿por qué lado de la vía deberán circular los peatones?', 'http://revista.dgt.es/Galerias/test/201612/Test-238-P15-160x145.jpg', 0),
(85485174, 'Arrojar un cigarro por la ventanilla de un turismo, ¿puede suponer una infracción?', 'http://revista.dgt.es/Galerias/test/N-240-Especial-Reglamentacion-2/Test-240-Preg-20.jpg', 0),
(85579070, '¿Es obligatorio matricular a un ciclomotor?', 'http://revista.dgt.es/Galerias/test/201303/img_test_05.jpg', 0),
(85691402, 'Circulando en un día de calor...', 'http://revista.dgt.es/Galerias/test/N-240-Especial-Seg-Vial-II-5/41-dia-de-calor.jpg', 0),
(85764101, '¿Qué indican los conos en la calzada?', 'http://revista.dgt.es/Galerias/test/201702/T239P03.jpg', 0),
(85896569, 'Los limpiaparabrisas deben mantenerse en buen estado para circular con seguridad. Para ello se debe...', 'http://revista.dgt.es/Galerias/test/201610/TEST-237-P11.jpg', 0),
(86038836, 'Un agente, con toques de silbato cortos y frecuentes, ordena...', 'http://revista.dgt.es/Galerias/test/201612/Test238-P07-160x145.jpg', 0),
(86235214, 'Utilizar el teléfono mientras conduce hace que el riesgo de accidente sea...', 'http://revista.dgt.es/Galerias/test/201507/Preg-04-test-230-160x146.jpg', 0),
(86948200, 'Hay hielo en la vía. ¿Qué debe hacer?', 'http://revista.dgt.es/Galerias/test/N-241/test241-P9.jpg', 0),
(87538535, 'Esta señal indica que empieza...', 'http://revista.dgt.es/Galerias/test/201604/P-07-N235.jpg', 0),
(87708597, 'Un turismo con cortinillas contra el sol en las ventanillas traseras, ¿puede circular?', 'http://revista.dgt.es/Galerias/test/N-240-Especial-Reglamentacion-2/Test-240-Preg-17.jpg', 0),
(87884834, 'Si conduce una motocicleta y la calzada está mojada, ¿es necesario incrementar la presión de inflado de los neumáticos por encima de la recomendada por el fabricante?', 'http://revista.dgt.es/Galerias/test/201602/Test-234-P03-extendida.jpg', 0),
(88181468, 'Esta señal, ¿qué indica?', 'http://revista.dgt.es/Galerias/test/201302/R-101-preg-5-test-218.jpg', 0),
(88421704, '¿Qué le indica la flecha verde del semáforo?', 'http://revista.dgt.es/Galerias/test/201307/img_test_05.jpg', 0),
(88687535, 'La línea de borde de la calzada, ¿se puede atravesar?', 'http://revista.dgt.es/Galerias/test/201602/Test-233-P02.jpg', 0),
(88788905, 'Si por circunstancias del tráfico prevé que va a tener que reducir considerablemente la velocidad, ¿qué debe hacer?', 'http://revista.dgt.es/Galerias/test/201402/Test-224-preg-3.jpg', 0),
(89059799, 'La carga que sobresale por delante de un vehículo, ¿cómo debe ir señalizada?', 'http://revista.dgt.es/Galerias/test/201512/Test-233-P12.jpg', 0),
(89114769, 'La marca amarilla en zig-zag indica el lugar de la calzada...', 'http://revista.dgt.es/Galerias/test/N-241/Test241-P2.jpg', 0),
(89441032, 'El conductor indica con el brazo que va a girar a la izquierda y lleva encendido el intermitente derecho; ¿qué señal tiene validez?', 'http://revista.dgt.es/Galerias/test/201702/T239-P07.jpg', 0),
(89609893, 'Un turismo de nueva matriculación de uso privado, ¿cuándo deberá pasar la próxima inspección técnica del vehículo?', 'http://revista.dgt.es/Galerias/test/201409/Test-228-preg-6.jpg', 0),
(89771408, 'Si es necesario avisar a un ciclista con señales acústicas, ¿cómo deben realizarse?', 'http://revista.dgt.es/Galerias/test/201511/N232-P06.jpg', 0),
(89967186, 'Un conductor que acaba de obtener su primer permiso de conducción no podrá superar la tasa de alcohol de...', 'http://revista.dgt.es/Galerias/test/201512/Test-233-P15.jpg', 0),
(90133765, 'En caso de un accidente donde la ayuda ya está organizada, ¿debe detenerse a prestar auxilio?', 'http://revista.dgt.es/Galerias/test/N-240-Especial-Reglamentacion-2/Test-240-Preg-21.jpg', 0),
(90504684, 'El personal de obras de la fotografía le está ordenando que se detenga. ¿Está obligado a obedecerle?', 'http://revista.dgt.es/Galerias/test/201303/img_test_09.jpg', 0),
(90628258, 'La señal prohíbe el paso a los vehículos...', 'http://revista.dgt.es/Galerias/test/N-240-Especial-Senales-3/Test-240-Preg-29.jpg', 0),
(91151804, 'Si mientras circula con su vehículo comienza a nevar, ¿debe extremar la precaución y reducir la velocidad?', 'http://revista.dgt.es/Galerias/test/201402/Test-224-preg-7.jpg', 0),
(91518649, 'Mantener la distancia de seguridad adecuada, sobre todo en ciudad, ¿es una recomendación válida para evitar accidentes con las motocicletas?', 'http://revista.dgt.es/Galerias/test/201606/Test-236-P12-160x146.jpg', 0),
(91633032, '¿El estrés puede alterar las capacidades para conducir con seguridad?', 'http://revista.dgt.es/Galerias/test/201302/Estres-preg-8-test-218.jpg', 0),
(91987645, '¿Qué sistemas de seguridad pueden perder eficacia si no se lleva abrochado el cinturón de seguridad?', 'http://revista.dgt.es/Galerias/test/201407/Test227preg01.jpg', 0),
(92264258, 'Los remolques y semirremolques, ¿deben tener tarjeta de inspección técnica?', 'http://revista.dgt.es/Galerias/test/201511/N232-P10.jpg', 0),
(92444548, 'Como norma general, ¿dónde está prohibido adelantar?', 'http://revista.dgt.es/Galerias/test/N-240-Especial-Reglamentacion-1/ESP-TEST-04.jpg', 0),
(92793148, 'En esta carretera con arcén de más de 1,50 metros de ancho, ¿a qué velocidad máxima puede adelantar una motocicleta?', 'http://revista.dgt.es/Galerias/test/N-240-Especial-Motos-6/47-arcen-150.jpg', 0),
(92914196, 'El alumbrado de gálibo es obligatorio para...', 'http://revista.dgt.es/Galerias/test/201610/TEST-237-P-02.jpg', 0),
(93243507, 'La señalización vertical prevalece sobre...', 'http://revista.dgt.es/Galerias/test/N-245/P2-250x226.jpg', 0),
(93389467, 'Una correcta suspensión del vehículo sirve para:', 'http://revista.dgt.es/Galerias/test/201402/Test-224-preg-8.jpg', 0),
(93664822, '¿Qué es una detención?', 'http://revista.dgt.es/Galerias/test/N-240-Especial-Reglamentacion-1/ESP-TEST-03.jpg', 0),
(93729482, 'En el carril de entrada, ¿cómo debe circular?', 'http://revista.dgt.es/Galerias/test/201402/Test-224-preg-11.jpg', 0),
(93781200, 'Si un vehículo tiene el intermitente derecho encendido, pero su conductor señaliza con el brazo que va a girar a la izquierda, ¿qué señal prevalece?', 'http://revista.dgt.es/Galerias/test/201606/Test-236-P08-160x146.jpg', 0),
(93816727, 'Para evitar ruidos excesivos e innecesarios en la conducción, se debe...', 'http://revista.dgt.es/Galerias/test/201402/Test-224-preg-5.jpg', 0),
(94036306, 'Es obligatorio el uso del alumbrado para los turismos...', 'http://revista.dgt.es/Galerias/test/201409/Test-228-preg-3.jpg', 0),
(94809771, 'Al conducir bajo condiciones climatológicas adversas...', 'http://revista.dgt.es/Galerias/test/201702/T239P14.jpg', 0),
(94990464, 'En carretera, ¿cuándo puede adelantar por la derecha?', 'http://revista.dgt.es/Galerias/test/N-243/Test-243-Preg-12-Adelantar-dcha.jpg', 0),
(95157033, 'Como norma general, si circula por esta vía con una furgoneta cargada con bultos apilados, en caso de frenada de emergencia, ¿es importante a tener en cuenta su masa y su volumen?', 'http://revista.dgt.es/Galerias/test/201412/Test-229-foto-p4.jpg', 0),
(95213664, '¿Cuál es la función del sistema antibloqueo de frenos ABS?', 'http://revista.dgt.es/Galerias/test/201507/Preg-07-test-230-160x146.jpg', 0),
(95268094, 'Es importante mantener limpio el cristal de los faros ya que la suciedad...', 'http://revista.dgt.es/Galerias/test/201312-Invierno/7.-DD1V9359-160x146.jpg', 0),
(95467398, 'Cuando el casco no tiene pantalla de protección, ¿es conveniente ponerse unas gafas de seguridad?', 'http://revista.dgt.es/Galerias/test/N-240-Especial-Motos-6/48-Cuando-el-casco-no-tiene-pantalla.jpg', 0),
(95514214, 'Los neumáticos, ¿cuándo hay que cambiarlos?', 'http://revista.dgt.es/Galerias/test/N-242/Test242-P12.jpg', 0),
(95570855, '¿Cuándo aparece la somnolencia durante la conducción?', 'http://revista.dgt.es/Galerias/test/201312-Normal/P-08-PutnamBBAW5567-160206.jpg', 0),
(95671136, 'La flecha verde está iluminada. Si quiere girar a la derecha, ¿tiene preferencia de paso?', 'http://revista.dgt.es/Galerias/test/201407/Test227preg08.jpg', 0),
(96020965, 'En un conductor, el consumo de anfetaminas...', 'http://revista.dgt.es/Galerias/test/201511/N232-P11.jpg', 0),
(96227067, 'En un turismo, la carga puede sobresalir por su parte posterior...', 'http://revista.dgt.es/Galerias/test/N-242/Test242-P4.jpg', 0),
(96498990, 'Al rebasar al autobús, ¿qué peligro debe preverse?', 'http://revista.dgt.es/Galerias/test/N-241/Test241-P1.jpg', 0),
(96734734, 'La señal indica que se aproxima...', 'http://revista.dgt.es/Galerias/test/N-243/Test-243-Preg-9-P-4.jpg', 0),
(96735129, 'Si por emergencia se queda inmovilizado con su vehículo dentro de un túnel, deberá...', 'http://revista.dgt.es/Galerias/test/201407/Test227preg03.jpg', 0),
(96810075, 'Los cinturones de seguridad, ¿son eficaces para prevenir lesiones?', 'http://revista.dgt.es/Galerias/test/201604/P-01-N235.jpg', 0),
(97264981, 'El viento por la derecha en los adelantamientos a vehículos grandes, ¿por qué es peligroso?', 'http://revista.dgt.es/Galerias/test/201307/img_test_10.jpg', 0),
(97315169, 'Si circula con un turismo en el que sobresale la carga por su parte trasera, ¿está obligado a colocar la señal de la imagen?', 'http://revista.dgt.es/Galerias/test/N-243/Test-243-Preg-03-BICICLETAS-NORAUTO-12.jpg', 0),
(97541547, 'En un carril reversible...', 'http://revista.dgt.es/Galerias/test/201507/Preg-08-Test-230-160x146.jpg', 0),
(97592731, 'La presión de los neumáticos deberá comprobarse con los neumáticos:', 'http://revista.dgt.es/Galerias/test/N-240-Especial-Seg-Vial-I-4/32-La-presion-de-los-neumaticos.jpg', 0),
(97724269, 'Uno de los pasajeros del turismo que Vd. conduce no lleva puesto el cinturón de seguridad. Si un agente de la autoridad denuncia la infracción, ¿quién es el responsable?', 'http://revista.dgt.es/Galerias/test/N-242/Test242-Preguntaextra.jpg', 0),
(97763805, 'La cinta abdominal del cinturón de seguridad debe colocarse sobre...', 'http://revista.dgt.es/Galerias/test/N-244/Test244-P3.jpg', 0),
(97948690, 'Al estacionar un vehículo provisto de caja de cambios manual en una pendiente descendente, ¿qué velocidad dejará colocada?', 'http://revista.dgt.es/Galerias/test/201507/Preg-12-test-230-160x146.jpg', 0),
(97985041, 'La señal prohíbe circular a más de 80 km/h. ¿Cuándo termina la prohibición?', 'http://revista.dgt.es/Galerias/test/201512/Test-233-P03.jpg', 0),
(98013077, 'A un turismo, ¿cuándo le está permitido circular por el arcén?', 'http://revista.dgt.es/Galerias/test/N-240-Especial-Reglamentacion-2/Test-240-Preg-13.jpg', 0),
(98039450, 'Si el intermitente del vehículo no funciona, ¿cómo indicará que va a girar a la izquierda?', 'http://revista.dgt.es/Galerias/test/201307/img_test_07.jpg', 0),
(98130559, 'El silenciador...', 'http://revista.dgt.es/Galerias/test/201512/TEST-233-P02-fo55.jpg', 0),
(98220085, 'Para evitar la fatiga en la conducción, conviene descansar...', 'http://revista.dgt.es/Galerias/test/201512/Test-233-P08.jpg', 0),
(98275865, '¿De qué peligro nos advierte esta señal?', 'http://revista.dgt.es/Galerias/test/201409/Test-228-preg-9.jpg', 0),
(98307902, 'Por seguridad, ¿cuál es la forma más aconsejable de bajar un puerto de montaña cuando en la calzada existan placas de hielo?', 'http://revista.dgt.es/Galerias/test/201702/Como-afrontar-puerto-montana.jpg', 0),
(98459458, 'Una postura inadecuada en el asiento...', 'http://revista.dgt.es/Galerias/test/201412/Test-229-foto-p12.jpg', 0),
(98516351, 'En una intersección que no tiene señal de preferencia, ¿cuándo debe ceder el paso a un vehículo de tracción animal?', 'http://revista.dgt.es/Galerias/test/201407/Test227preg06.jpg', 0),
(98659582, 'En los estrechamientos en tramos de gran pendiente, si no hay señalización expresa  al efecto, tendrá la preferencia de paso el vehículo que circule en sentido...', 'http://revista.dgt.es/Galerias/test/N-240-Especial-Reglamentacion-2/Test-240-Preg-16.jpg', 0),
(98681497, 'Si en un vehículo se realiza una reforma técnica de importancia, ¿es obligatorio pasar una inspección técnica extraordinaria?', 'http://revista.dgt.es/Galerias/test/N-240-Especial-Reglamentacion-1/ESP-TEST-02.jpg', 0),
(98834073, 'Por la noche, la agudeza visual...', 'http://revista.dgt.es/Galerias/test/201507/Preg-10-test-230-160x146.jpg', 0),
(99299713, 'Cuando las cintas no quedan bien estiradas, el cinturón de seguridad...', 'http://revista.dgt.es/Galerias/test/201612/Test-238-P01-160x145.jpg', 0),
(99428909, 'El funcionamiento del airbag, ¿puede llegar a ser peligroso en un accidente?', 'http://revista.dgt.es/Galerias/test/201602/Test-234-P09.jpg', 0),
(99498263, 'Hay poca visibilidad por niebla. ¿Qué debe hacer?', 'http://revista.dgt.es/Galerias/test/N-242/Test242-P8.jpg', 0),
(99695956, 'En esta autovía hay mucha niebla. ¿Se puede circular a menos de 60 km/h?', 'http://revista.dgt.es/Galerias/test/201610/TEST-237-P07.jpg', 0),
(99873768, '¿Cómo se puede detectar que las escobillas están en mal estado?', 'http://revista.dgt.es/Galerias/test/201312-Invierno/2.-Putnam_MG_1839_041111-160x146.jpg', 0);

-- --------------------------------------------------------

--
-- Estructura de tabla para la tabla `respuesta`
--

CREATE TABLE `respuesta` (
  `codrespuesta` int(8) NOT NULL,
  `texto` varchar(200) COLLATE utf8_spanish_ci NOT NULL,
  `correcta` tinyint(1) NOT NULL,
  `pregunta` int(8) NOT NULL
) ENGINE=InnoDB DEFAULT CHARSET=utf8 COLLATE=utf8_spanish_ci;

--
-- Volcado de datos para la tabla `respuesta`
--

INSERT INTO `respuesta` (`codrespuesta`, `texto`, `correcta`, `pregunta`) VALUES
(10021748, 'Depende de la circulación.', 0, 93781200),
(10022534, 'Sí, puede haberse deteriorado el trenzado o los sistemas de anclaje.', 1, 31814464),
(10100629, 'Sí, pero no hay plazo obligatorio para comunicar la venta.', 0, 21149161),
(10151722, 'Sí, porque es una vía con poca circulación.', 0, 46384072),
(10257619, 'A pasar por el lado correspondiente al brazo con el que realiza la señal.', 0, 40582394),
(10261680, 'Circular más cerca del vehículo que va delante para disminuir la resistencia del aire.', 0, 30847877),
(10339012, 'Ya lleva mucho tiempo lloviendo.', 0, 70965319),
(10478199, 'Sí, en un taller autorizado.', 0, 98681497),
(10537740, 'La proximidad de un tramo con una pendiente mayor al cinco por ciento.', 0, 54056877),
(10589863, 'De un muelle.', 0, 17832891),
(10701555, 'De cualquier forma, siempre que vaya cómodo.', 0, 42900183),
(10705656, 'Sí, luces de posición.', 0, 56793570),
(10784871, 'Parar.', 0, 43520096),
(10873038, 'La sensación de euforia.', 0, 72071893),
(10879567, 'No, en ningún caso.', 0, 46157809),
(10890121, 'Sí, el trasero y el delantero.', 0, 26055880),
(10999062, 'Sí, se absorbe más rápidamente el alcohol de las bebidas destiladas.', 1, 33080645),
(11055060, 'Sí, solamente en carretera.', 0, 14608782),
(11181048, 'Conectar la señal de emergencia y mantener encendidas las luces de cruce.', 0, 96735129),
(11233781, 'Enfriar el motor del vehículo.', 1, 44004427),
(11290175, 'Parar el motor y poner el freno de estacionamiento, únicamente.', 0, 43271325),
(11363920, 'Sí.', 0, 26055880),
(11454326, 'Hasta un 5 por 100 de su longitud.', 0, 96227067),
(11685884, 'Por razones de emergencia.', 1, 50486309),
(11705642, 'Los muslos', 0, 97763805),
(11750851, 'Sólo cuando lo indique un agente.', 0, 68888595),
(11891937, 'Sí, siempre que sea para tomar o dejar a una persona.', 0, 76346356),
(11936245, 'Tiempo de reacción.', 1, 73178821),
(12052661, 'Los daños personales que sufran los ocupantes del vehículo causante del accidente.', 0, 68910974),
(12094868, 'Sí, cuando no circulan autobuses cerca.', 0, 28116481),
(12173963, 'El vehículo que pretende acceder a la glorieta.', 0, 76176740),
(12330456, 'Aquella que me permita detenerme, sin colisionar con él.', 1, 69554793),
(12532515, 'Sí, debe detenerse y colaborar siempre.', 0, 90133765),
(12603552, 'propicia la aparición de la fatiga.', 1, 82661497),
(12646984, 'No, la luz de largo alcance sólo puede encenderse de noche.', 0, 64317906),
(12774486, 'Evitar los movimientos bruscos para reducir la posibilidade de deslizamiento.', 1, 66904988),
(12816978, 'Nunca, porque no es un vehículo de motor.', 0, 98516351),
(12837217, 'Sí, para proteger los ojos.', 1, 95467398),
(12963824, 'Está prohibida para vehículos con remolque.', 1, 37691974),
(13043665, 'Por el carril de la derecha y no puedo cambiar al segundo', 0, 71538517),
(13171765, 'No, en ningún caso.', 0, 67553935),
(13389099, '2 metros, al menos.', 0, 70677178),
(13730599, 'No, porque el lugar utilizado para inmovilizarlo, es el apropiado para ese tipo de situaciones.', 0, 70312160),
(13738451, 'No, cuando circule a la misma velocidad que el vehículo de delante.', 0, 39932829),
(13758986, 'Prohibido el paso a vehículos con altura (incluida la carga) mayor a 3,5 metros.', 1, 46110247),
(13814915, 'La proximidad de una travesía.', 0, 28206448),
(13892030, 'es más agresivo y menos competitivo.', 0, 73738486),
(14019874, 'Sí, hasta un 15 por ciento de la longitud del vehículo.', 1, 24459931),
(14033861, 'A la altura de la cabeza.', 1, 14980483),
(14065650, 'Sí, pero no conlleva pérdida de puntos.', 0, 85485174),
(14262689, 'Por la derecha en casos de poca visibilidad.', 0, 85393198),
(14351851, '0,5 gramos de alcohol por litro de sangre.', 0, 51095055),
(14397758, 'El factor vehículo.', 0, 31120131),
(14462320, 'Que el carril derecho sólo puede ser utilizado por ciclos.', 1, 69636174),
(14513903, 'El tiempo que pasa desde que se arranca el vehículo hasta que se empieza a circular.', 0, 11455838),
(14520521, 'A disminuir la velocidad. ', 0, 40582394),
(14616300, 'después de una fuerte discusión.', 1, 64086910),
(14643436, 'Recomendado por el fabricante en cada caso. 	', 1, 25589493),
(14720136, 'Porque puedo perder el control del vehículo y salirme de la calzada.', 1, 84247139),
(14879644, 'No, está prohibido.', 0, 88687535),
(14966608, 'No.', 1, 84774577),
(15068347, 'Mantenga bien ventilado el interior del vehículo.', 1, 79207082),
(15135839, 'Sí.', 0, 17023462),
(15141361, 'Siempre el vehículo que tenga libre su derecha.', 0, 76176740),
(15155878, 'No, solamente afecta a la capacidad motora.', 0, 41894796),
(15174267, 'Una parada por cualquier causa.', 0, 93664822),
(15312249, 'Sí, y en el caso de realizar frenadas y aceleraciones lo haré de forma suave y progresiva.', 1, 91151804),
(15361344, 'A una intersección en la que tengo prioridad.', 0, 96734734),
(15424904, 'Se pierde información del entorno.', 1, 43191882),
(15561637, 'Acelerar para pasar cuanto antes sobre el agua embalsada.', 0, 40118490),
(15649467, 'Sí.', 0, 36478119),
(15692282, 'De balizamiento fijo.', 1, 32739573),
(15816933, 'No, porque no afecta a la conducción', 0, 91633032),
(16059630, 'Un metro, al menos.', 0, 35927779),
(16123075, 'No, salvo en situaciones de tráfico complejas.', 0, 51208485),
(16155750, '60 km/h', 1, 44261769),
(16220684, 'Es la principal causa de distracción durante la conducción.', 0, 43389905),
(16231786, 'No, ya que una mayor presión de inflado no contribuye a aumentar la seguridad de circulación.', 1, 87884834),
(16233934, 'disminuye el riesgo de accidente.', 0, 82661497),
(16284332, 'La marcha atrás.', 1, 42297413),
(16550985, 'Más restrictivia.', 0, 32739573),
(16607094, 'La señal luminosa.', 0, 93781200),
(16644496, 'Que me acerco a una línea continua.', 1, 37099615),
(16730874, 'Sí.', 0, 28063372),
(16748901, 'Después de la intersección.', 1, 97985041),
(16898982, 'No, al ser un elemento decorativo.', 0, 36863836),
(16951033, 'Cuando llevo las piernas un poco dobladas y el cuerpo recto.', 1, 42411867),
(16987412, 'El de corto alcance o cruce.', 1, 56676900),
(16989338, 'Aumentar la separación con los vehículos que nos preceden.', 1, 17136006),
(17001393, 'Que por el carril derecho se llega a una senda ciclable.', 0, 69636174),
(17018984, 'Únicamente parar el motor.', 0, 22909671),
(17064167, 'No, se dan al azar.', 0, 47378528),
(17084092, 'Solo cuando cambie de posición o efectúe otra señal.', 1, 34631938),
(17128892, 'Sí, puede evitar lesiones graves en la zona cervical.', 1, 36863836),
(17130417, 'Es menos probable que aparezca la fatiga.', 0, 94809771),
(17160873, 'A los vehículos que se aproximen  por mi derecha.', 1, 68170646),
(17187888, 'Sí, y, obligatoriamente, pondré las cadenas.', 0, 91151804),
(17355855, 'Circular con el pie en el embrague.', 0, 86948200),
(17442084, 'Es obligatorio para bicicletas, pudiendo ser utilizado por otros usuarios.', 0, 15450163),
(17592759, 'Sí, pero es aconsejable encender la luz de cruce.', 1, 64317906),
(17636568, 'Una obligación.', 0, 43387050),
(17696165, 'Por el lado derecho siempre.', 0, 14373222),
(17785831, 'puede volverse más competitivo y agresivo.', 1, 73738486),
(17889710, 'no conducir en ningún caso durante el tiempo que dure el tratamiento.', 0, 69506973),
(17970345, 'Por el lado más próximo a la acera o al arcén, como norma general.', 1, 22506393),
(17996945, 'Un paso a nivel, con o sin barreras.', 0, 41688159),
(18089180, 'La longitud del tramo peligroso.', 0, 60503577),
(18114128, 'Sí, pero solo en vías urbanas.', 0, 32298880),
(18134011, 'No.', 0, 33074244),
(18171506, 'Más segura.', 0, 17441939),
(18247555, 'La prohibición de rebasar la línea imaginaria que los une.', 1, 85764101),
(18320775, '0,15 mg/l en aire espirado = 0,3 g/l en sangre.', 1, 68106985),
(18390395, 'La falta de reflejos.', 0, 63870540),
(18425639, '120 km/h', 0, 67208539),
(18451445, 'Efectuando la descarga lo antes posible, evitando ruidos y molestias innecesarias.', 1, 57213209),
(18516885, 'No, normalmente hacen que se concentre más en la conducción.', 0, 62358308),
(18625564, 'Después de 15 segundos.', 0, 72554325),
(18640758, 'establecen para los tramos de obras una reducción de la velocidad máxima en 10 km/h.', 0, 84620518),
(18697417, 'Moderar la velocidad.', 1, 54815771),
(18754973, 'Impide el bloqueo de las ruedas durante el frenado.', 1, 95213664),
(18795675, 'Por ambos lados.', 0, 57728324),
(18949757, 'Un paso a nivel sin barreras de más de una vía férrea.', 1, 41688159),
(18962029, 'Los que recomiende, como máximo, cada fabricante, y circulando a la velocidad que se indica en dicha rueda.', 1, 76422729),
(19078919, 'Tantos como sean necesarios siempre que dicha rueda no haya sido utilizada anteriormente.', 0, 76422729),
(19146038, 'Sí, cuando circulan con ella encendida.', 0, 28660032),
(19185413, 'No.', 1, 28063372),
(19361484, 'Parar el motor, desconectar los sistemas eléctricos y apagar los teléfonos móviles.', 1, 72339319),
(19515690, 'Evitar que se produzca un accidente.', 0, 35978961),
(19573691, 'La proximidad de una travesía.', 0, 54056877),
(19655500, 'Sentido único.', 0, 58902899),
(19737241, 'No, porque está iluminado.', 0, 22472150),
(19810022, 'Apagar el motor, conectar la señal de emergencia y mantener encendidas las luces de posición.', 1, 96735129),
(20025609, 'Sí, cuando no hay circulación en sentido contrario.', 0, 80637741),
(20035255, 'Calientes.', 0, 97592731),
(20064096, 'No, porque no circula en servicio urgente.', 0, 77920749),
(20080602, 'El conductor.', 0, 97724269),
(20092690, 'Sí, pero únicamente fuera de poblado.', 0, 19701605),
(20113221, 'Por ambos lados.', 0, 14373222),
(20126553, 'La del brazo.', 1, 89441032),
(20162120, 'disminuye o silencia las explosiones producidas en el interior del motor.', 1, 98130559),
(20167200, 'A la altura de cuello.', 0, 14980483),
(20253997, 'Con vista normal no se puede leer una placa de matrícula a 10 metros o distinguir un vehículo pintado de oscuro a 50 metros.', 1, 77115445),
(20272330, 'Sí, porque se trata de una vía interurbana.', 0, 10826360),
(20334429, 'Que ningún conductor ha iniciado la maniobra de adelantar a su vehículo.', 1, 42997221),
(20450879, 'Con un ángulo de giro más cerrado que si estuviera seca, disminuyendo la inclinación.', 0, 74322485),
(20576457, 'No, porque el vehículo no está en la calzada.', 0, 70312160),
(20778976, 'Sí, si su vehículo cuenta con los últimos avances de seguridad.', 0, 78875868),
(20844922, 'Dejando completamente libre la mitad de la calzada que corresponda a los que pueden circular en sentido contrario.', 1, 69648587),
(20876924, 'Sí, con el fin de que no se ponga en riesgo nuestra seguridad.', 1, 52594952),
(21150109, 'Sí, excepto si los neumáticos son sin cámara.', 0, 52594952),
(21214715, 'Sí, porque está advirtiendo que circula en servicio urgente.', 1, 77920749),
(21217367, 'Lo más alto posible.', 0, 35195178),
(21431752, 'Sí, la luz antiniebla delantera o la luz de corto o largo alcance.', 1, 81120797),
(21478554, 'No, porque no afecta a la conducción.', 0, 65085842),
(21634215, 'No.', 0, 61887563),
(21653307, 'No, al conductor no le afecta lo que sucede en los asientos traseros.', 0, 62358308),
(21749268, 'No, si las ruedas están perfectamente alineadas y equilibradas.', 0, 49433018),
(21773861, 'No.', 0, 96810075),
(21835179, 'Todos los que pueden circular a más de 60 km/h.', 0, 20423983),
(21842352, 'Cambiar la luz de largo alcance por la luz de cruce.', 1, 21980504),
(21912515, 'Deberá advertirlo mediante el empleo reiterado de las luces de frenado.', 1, 88788905),
(21967936, 'Un diseño muy ergonómico del asiento.', 0, 78946063),
(22071152, 'Por el derecho.', 1, 55803722),
(22136455, 'No.', 1, 29165647),
(22247165, 'Las de posición y las largas.', 0, 48866873),
(22397564, 'Obliga a circular por el arcén a los vehículos con altura superior a 3,5 metros.', 0, 46110247),
(22433677, 'no está sujeta a limitación de velocidad.', 0, 21135415),
(22458954, 'No, salvo en vías urbanas o con mucho tráfico.', 0, 29165647),
(22505620, 'Depende de las condiciones de la vía.', 0, 63717927),
(22657866, 'No, porque hay acera.', 0, 46384072),
(22676875, 'Tratando de no inclir demasiado la motocicleta y abriendo el ángulo de giro, si fuera posible.', 1, 74322485),
(22730801, 'Sí, para inmovilizar el vehículo por emergencia cuando no es posible hacerlo en el arcén de la derecha.', 1, 30693221),
(22821529, 'No, es suficiente con la del vehículo que los arrastra.', 0, 92264258),
(22839206, 'Utilizar con precaución el freno de mano de forma suave y progresiva hasta detener el vehículo.', 1, 30077214),
(22881218, 'El vehículo que haya entrado primero al estrechamiento.', 1, 35674851),
(23035116, 'Los airbag y los reposacabezas.', 1, 91987645),
(23057989, 'Tiene el mismo significado que una marca longitudinal continua.', 1, 60762316),
(23091339, 'Avisar de nuestra presencia con ráfagas de luz.', 0, 49753956),
(23094008, 'La calzada o el arcén de todo tipo de vías, tanto urbanas como interurbanas.', 0, 29637538),
(23166165, 'Circulará, como máximo, a 100 km/h.', 0, 82756982),
(23179954, 'No.', 1, 41368596),
(23198516, 'Con el coche parado en calzada recta.', 1, 14272529),
(23230869, 'A la altura del cuello.', 0, 75118152),
(23282101, 'indica una zona donde la duración del estacionamiento está limitada.', 0, 17680027),
(23282786, 'Adelantar por la derecha', 0, 80847699),
(23478987, 'Punto muerto.', 0, 97948690),
(23717932, 'Sí, mientras no se pueda continuar la marcha sin obligar a detenerse a los vehículos que circulen en sentido contrario.', 1, 77651657),
(23767874, 'No, en ningún caso.', 0, 91633032),
(23816117, 'Sí, para adelantar cuando los carriles estén ocupados.', 0, 30693221),
(23862477, 'Reducir la velocidad y si fuera preciso detener el vehículo.', 1, 49753956),
(23880669, 'Instantes antes de que el conductor llegue a quedarse dormido.', 0, 95570855),
(24175137, 'Sí, pero sólo cuando se conduce a poca velocidad.', 0, 96810075),
(24496275, 'Sí, por lo que debe encender la luz de largo alcance para facilitar la visibilidad.', 0, 12185071),
(24673180, 'Sí, si tiene prisa.', 0, 55239044),
(24699856, 'Solo es recomendable revisar la presión de los neumáticos si ha realizado muchos kilómetros.', 0, 85056149),
(24752076, 'Supere los niveles de gases, humos y ruidos permitidos reglamentariamente.', 1, 18040537),
(24873517, 'Sí, tanto la delantera como la trasera.', 0, 27189466),
(24910112, 'Con el vehículo en movimiento para ver mejor.', 0, 58107789),
(25079684, 'Sí, todos.', 1, 92264258),
(25084838, 'No.', 1, 26055880),
(25155119, 'En el carril izquierdo.', 0, 14473995),
(25259156, 'Sí, cuando no comprometa la estabilidad del vehículo.', 0, 62634193),
(25581001, 'Sí, como otro adelantamiento cualquiera.', 0, 10826360),
(25610926, 'La proximidad de un carril especial.', 0, 28206448),
(25624285, 'Circular pisando el freno intermitentemente.', 0, 86948200),
(25682207, 'Ninguna.', 0, 89441032),
(25806845, 'Nada, porque si el parabrisas está limpio se reduce el riesgo de rotura por gravilla.', 0, 17136006),
(25871686, 'cuando el conductor compruebe que ha perdido totalmente la capacidad de reaccionar.', 0, 98220085),
(26012741, 'Que se detengan los vehículos a quienes se dirija.', 1, 86038836),
(26017759, 'Cambiar de sentido, solamente.', 0, 65653292),
(26093712, 'reservado para el estacionamiento de autobuses.', 0, 89114769),
(26108896, 'Desde la entrada de la autopista.', 1, 73190603),
(26166187, 'Circular a 90 kilómetros por hora, siempre.', 0, 83816733),
(26187463, 'No, indica el final de un túnel o paso inferior.', 0, 31257319),
(26190849, 'Sí, porque no es un vehículo a motor.', 0, 58955874),
(26225425, '75 km/h', 0, 38139815),
(26296072, '1 metro, al menos', 0, 70677178),
(26327392, 'No, debe encender la luz de largo alcance.', 0, 22472150),
(26360736, 'Sí.', 1, 41475506),
(26365305, 'Circulación intensa.', 0, 28689371),
(26568980, 'Conductores de bicicletas.', 1, 17934159),
(26624190, 'A la altura del cuello.', 0, 35195178),
(26651934, 'El de posición o el de corto alcance.', 0, 56676900),
(26692293, '50 metros.', 0, 52803278),
(26697393, 'Estacionar.', 1, 51187927),
(26753792, 'No, pero no se debe hacer.', 0, 85485174),
(26842561, 'A la altura de la cabeza.', 1, 35195178),
(26943838, 'Sí, y también el principio de un túnel o de un tramo equiparado a túnel.', 1, 31257319),
(26998253, 'No, porque esta recomendación carece de sentido circulando.', 0, 91518649),
(27007816, 'Que se reanude la marcha.', 0, 86038836),
(27122906, 'Del factor humano.', 1, 24524913),
(27141186, 'Obedecer las señales de tráfico que regulan la prioridad.', 0, 43948033),
(27196128, 'Estacionamiento prohibido en vado.', 0, 22342164),
(27203835, 'Comprobar que el depósito que contiene el líquido limpiaparabrisas esté siempre al máximo nivel.', 0, 85896569),
(27405561, 'Circular por el arcén.', 0, 54815771),
(27421408, 'Sí.', 1, 51208485),
(27524955, 'La del intermitente.', 0, 89441032),
(27538999, 'Que los vehículos que circulan por el mismo carril no llevan encendidos los intermitentes.', 0, 42997221),
(27681688, 'Obedecer las señales del agente.', 1, 43948033),
(27696128, 'vehículos especiales', 0, 27099354),
(27755195, 'De balizamiento fijo.', 1, 33902948),
(27829714, 'Cuando circulo detrás de un vehículo grande.', 0, 22084764),
(27867121, 'Circular al anochecer por una vía sin arcén.', 0, 55237291),
(27882791, 'Sí, se absorbe más rápidamente el alcohol de las bebidas fermentadas.', 0, 33080645),
(27969873, 'Para limpiar el aire que enfría el motor.', 0, 12049285),
(28050161, 'No, porque la distancia de seguridad no influye en los accidentes de moto.', 0, 91518649),
(28157581, 'Los vehículos de anchura superior a 2 metros, incluída la carga.', 1, 57015046),
(28176203, 'Para limpiar el aire que enfría el motor.', 0, 17456438),
(28186110, 'Sí, en vías de poblado suficientemente iluminadas.', 0, 26548955),
(28194861, 'Indica que circulamos por un carril adicional circunstancial.', 0, 60762316),
(28241173, 'No influye; depende solamente del estado de los frenos.', 0, 52843860),
(28380908, 'Una prohibición.', 0, 43387050),
(28397480, 'No, durante el día está prohibido llevar encendido el alumbrado de posición y cruce si no existen condiciones de baja visibilidad.', 0, 16526834),
(28474110, 'La primera velocidad.', 0, 42297413),
(28699903, 'Dentro de la intersección.', 0, 26144348),
(28912234, 'Siempre, porque tienen preferencia.', 0, 98516351),
(29034969, 'Tiene un cierto riesgo debido a la pérdida de atención.', 1, 53810615),
(29110472, 'No está permitido en ningún caso.', 1, 14091749),
(29142427, 'Un cruce con una línea de tranvía.', 0, 40333351),
(29175449, 'Aumentar el ángulo de viraje para conseguir un mayor agarre.', 0, 57458883),
(29239178, 'Por su derecha.', 0, 75634825),
(29274437, 'Cuando el tiempo de estacionamiento exceda de 15 minutos.', 0, 30406801),
(29310390, 'Por el lado derecho siempre.', 0, 57728324),
(29358199, '100 km/h', 0, 67208539),
(29517541, 'Sí, porque aumenta la adherencia de los neumáticos y mejorará la seguridad de circulación.', 0, 87884834),
(29690662, 'Circular con unos neumáticos inflados adecuadamente y una suficiente profudidad en el dibujo de la banda de rodadura.', 1, 40118490),
(29741881, 'Cada 4 años.', 0, 33452412),
(29753730, 'Circular con la marcha más corta posible.', 0, 88788905),
(29807808, 'La distancia a la que comienza el peligro.', 1, 60503577),
(30059238, 'Tan pronto como caigan las primeras nieves.', 0, 45948934),
(30210628, 'Sólo pueden utilizarlo los ciclos.', 1, 15450163),
(30311689, 'Antes de pasar la inspección técnica del vehículo.', 0, 53186459),
(30427017, 'Se deben hacer más descansos, ya que la fatiga aparece más fácilmente.', 1, 85691402),
(30445254, 'Debe llevar encendida la luz de cruce.', 1, 97541547),
(30474093, 'Después de recorrer 200 metros por delante del turismo.', 0, 72554325),
(30829795, 'Sí, únicamente cuando los vehículos adelantados circulan a velocidad lenta.', 0, 67179347),
(30838903, 'Se deben hacer menos descansos, para llegar al destino cuanto antes.', 0, 85691402),
(30879543, 'Parar y estacionar.', 0, 43520096),
(30914501, 'No, y estoy exento de respetar las señales de los agentes.', 0, 31272351),
(30938472, 'Tiempo de frenado.', 0, 73178821),
(31011950, 'Utilizando el freno de mano para trazar las curvas.', 0, 98307902),
(31148156, 'Que puedo girar a la derecha cuando se encienda la luz verde del semáforo principal.', 0, 88421704),
(31157401, 'Sí, porque se pueden evitar alcances.', 1, 91518649),
(31215589, 'En las intersecciones y en sus proximidades.', 1, 92444548),
(31230581, 'A 140 km/h.', 0, 92793148),
(31295763, 'Que hay un carril de salida a la derecha.', 0, 37099615),
(31420996, 'Sí, el casco siempre es obligatorio para los conductores de motocicletas.', 0, 44136424),
(31460450, 'Los semáforos.', 0, 93243507),
(31524717, 'está reservada únicamente a los turismos.', 0, 21135415),
(31552852, 'Los vehículos cuya anchura sea mayor de 2,10 metros.', 1, 92914196),
(31638724, 'No.', 0, 87708597),
(31642004, 'Siempre, parar detrás del vehículo hasta que reanude la marcha.', 0, 49753956),
(31650376, 'Estar muy ajustado al cuerpo para mejorar la estética.', 0, 25132294),
(31682355, 'Sí, en cualquier caso.', 0, 61887563),
(31684656, 'Sí, es obligatorio llevarlo encendido durante el invierno.', 0, 16526834),
(31740935, 'La realizada con el brazo.', 1, 93781200),
(31994843, 'cada 2 horas o cada 200 kilómetros.', 1, 98220085),
(32122514, 'El abdomen', 0, 97763805),
(32139360, 'No, sólo se debe utilizar en los casos de inmovilización del vehículo.', 1, 82602298),
(32169367, 'Solo si no hay señal que lo prohíba expresamente.', 0, 28063372),
(32253991, 'Hacer señales con la luz de freno para advertir su maniobra.', 0, 73649889),
(32298554, 'Sí, pero solamente cuando circulen vehículos detrás a más velocidad.', 1, 80362886),
(32370491, 'No, solamente si se conduce con las ventanillas abiertas.', 0, 15443030),
(32508719, 'Cuando encuentre una señal de “fin de prohibido adelantar”.', 0, 97985041),
(32672313, 'A no mantener girado el volante al máximo durante las maniobras.', 0, 50991139),
(32755294, 'Sí, la luz de corto alcance, pero no está obligado cuando circula de día.', 0, 56793570),
(32764448, 'No, porque es de día.', 0, 81120797),
(32797051, 'no reduce su eficacia en caso de accidente.', 0, 99299713),
(32959466, 'Permite mantener sin riesgo largas conversaciones al volante.', 0, 53810615),
(33017607, 'Ruidos, de cualquier clase.', 0, 45644277),
(33038745, 'Una sola placa en la parte delantera.', 0, 22058162),
(33163716, 'La proximidad de un tramo de la vía con desprendimientos frecuentes y la presencia de obstáculos en la calzada.', 0, 45181914),
(33233396, 'Dos, una en la parte delantera y otra en la parte posterior.', 0, 22058162),
(33235053, 'Que puedan cruzar peatones ocultos por el propio autobús.', 1, 96498990),
(33294409, 'No, si se ha hecho antes del periodo vacacional.', 0, 85056149),
(33307877, 'No, porque solo es un problema de refrigeración que suele desaparecer.', 0, 73783596),
(33326090, 'Zona de estacionamiento limitado.', 1, 22342164),
(33410295, 'Ceder el paso a los vehículos que se aproximen por la derecha.', 1, 45064596),
(33451599, 'Indistintamente el brazo o las señales luminosas.', 0, 44650073),
(33485801, 'Cuando dejo 1,5 metros o más de distancia de seguridad lateral y no piso la línea de separación.', 1, 37452169),
(33805933, 'Una excesiva ventilación en el interior del vehículo.', 0, 78946063),
(33816793, 'Con el brazo izquierdo en posición horizontal y la palma de la mano extendida hacia abajo.', 1, 98039450),
(33834462, 'Únicamente si el vehículo dispone de sistema ABS.', 1, 61887563),
(33875275, 'Sí, en cualquier vía suficientemente iluminada.', 0, 26548955),
(34107141, 'Sí.', 1, 23451815),
(34326985, 'Parar el motor, poner el freno de estacionamiento y dejar colocada la marcha atrás si la caja de cambios es manual.', 1, 43271325),
(34362390, 'Todos los conductores de vehículos y cualquier usuario implicado directamente como posible responsable en un accidente de circulación.', 1, 39904676),
(34369742, 'No se producen reacciones porque las drogas anulan la acción del alcohol.', 0, 56038006),
(34559640, 'Debe circular como máximo a 100 km/h y como mínimo a 60 km/h', 0, 97541547),
(34570814, 'No es necesario descansar.', 0, 94809771),
(34605582, 'Hacer parada.', 0, 51187927),
(34637005, 'Porque no me deja ver la calzada.', 0, 84247139),
(34719246, 'Por razones de fluidez, siempre que el tráfico esté congestionado.', 0, 98013077),
(34814066, 'A la altura de los ojos.', 1, 75118152),
(34885916, 'Los daños que se produzcan en el vehículo contrario.', 0, 68910974),
(34897146, 'Cuando la temperatura ambiente caiga por debajo de 7 grados centígrados, aproximadamente.', 1, 45948934),
(34900516, 'Circular a poca velocidad para no tener que frenar.', 1, 86948200),
(35052330, 'Cada dos años.', 1, 33452412),
(35107668, 'No, porque no es un ruido que pueda distraer al conductor.', 0, 27559402),
(35132941, 'Cuando adelanto a un vehículo grande.', 1, 22084764),
(35153183, 'Para reducir la velocidad al salir de la autopista.', 1, 25427483),
(35183440, 'Una carretera con un paso elevado.', 0, 87538535),
(35259719, 'Cuando se reduzca la velocidad en carretera.', 0, 68158026),
(35268724, 'Sólo las luces de posición.', 0, 68199855),
(35382318, 'A mayor velocidad, menor campo visual.', 1, 69710310),
(35495769, 'Sí; ya que la adherencia es menor y, por consiguiente, la distancia de frenado aumenta.', 1, 61336724),
(35644380, 'Cuando se estacione el vehículo en doble fila.', 0, 68158026),
(35689179, 'Porque puedo perder el control del vehículo y salirme de la calzada.', 1, 97264981),
(35722566, 'Al menos metro y medio.', 1, 35927779),
(35834867, 'Llevará encendida, al menos, la luz de cruce.', 1, 82756982),
(35935517, 'Un tramo de vía donde no se ve el ancho total de la calzada.', 0, 43275138),
(36079900, 'No.', 0, 80519941),
(36120563, 'Sí, pueden provocar estados de nerviosismo y agresividad.', 1, 33042609),
(36156085, 'La motocicleta, porque tiene menos dificultad de maniobra.', 0, 35674851),
(36250222, 'Sí.', 1, 32298880),
(36260847, 'trazado monótono.', 1, 66092778),
(36274326, 'En el centro, sin invadir el sentido contrario.', 0, 14473995),
(36348738, 'En todas las curvas y cambios de rasante.', 0, 92444548),
(36496041, 'Transmitir el giro del motor a las ruedas.', 0, 93389467),
(36557248, 'Hoy apenas tienen incidencia en los accidentes, debido a la seguridad de los vehículos.', 0, 73185265),
(36743803, 'Los camiones, únicamente.', 0, 57015046),
(37014990, 'Sí, porque con la niebla se debe moderar la velocidad.', 1, 99695956),
(37062115, 'Prohíbe circular por donde indica la flecha.', 1, 76701282),
(37069314, 'Superior al recomendado por el fabricante en un 20%.', 0, 25589493),
(37092309, 'El recomendado por el fabricante en cada caso.', 1, 14712941),
(37247446, 'Sí, donde no se estorbe a los peatones.', 0, 44953248),
(37395678, 'Sí, siempre.', 1, 31243453),
(37785039, '0,3 gramos de alcohol por litro de sangre.', 1, 51095055),
(37856448, 'El cinturón de seguridad que viene instalado en el vehículo.', 0, 44407854),
(37877683, 'El vehículo que realiza el cambio de carril.', 0, 80393912),
(37946957, 'Solo cuando lo indique con otra señal.', 0, 34631938),
(37951084, 'Niveles de ruido superiores a los límites establecidos.', 1, 45644277),
(38034471, 'No.', 1, 36478119),
(38162536, 'Utilizar el claxon frecuentemente pero sin producir ruidos estridentes o notas musicales.', 0, 93816727),
(38164745, 'Para que circulen los vehículos lentos.', 0, 25427483),
(38241476, 'A cierta distancia del ciclista, para evitar que se asuste.', 1, 36343086),
(38426262, 'Cuya anchura máxima, incluida la carga, supere la indicada.', 1, 90628258),
(38428561, 'Esperar hasta que pueda realizar la maniobra.', 0, 73649889),
(38654823, 'Sí, porque favorece la aparición de fatiga al volante.', 1, 15443030),
(38782091, 'A todos los vehículos.', 0, 11495949),
(38804930, 'Relaja y proporciona serenidad al fumador, lo que repercute positivamente en la conducción.', 0, 43389905),
(38905977, 'Sí, porque el arcén es ancho.', 0, 45886879),
(38926137, 'Acelerar en vacío para que se caliente cuanto antes.', 0, 52258556),
(38951178, 'No; está prohibido el uso de este alumbrado en vías urbanas.', 0, 24026273),
(38979117, 'Indica que circulamos por un carril reversible.', 0, 60762316),
(39035317, 'No, en ningún caso.', 0, 37167840),
(39128821, 'Sí, para evitar la fatiga.', 0, 57333947),
(39301268, 'La menor percepción del riesgo.', 1, 63870540),
(39301783, 'Pisar el pedal de freno con fuerza y corregir la trayectoria.', 0, 57458883),
(39357546, 'Que hay una curva a la derecha.', 0, 37099615),
(39399331, 'La obligación de girar a la izquierda en la intersección.', 0, 67244363),
(39518605, 'aumenta.', 1, 37914858),
(39534228, 'Únicamente cuando sea una persona mayor.', 0, 24630048),
(39817416, 'A los vehículos que tienen más de 3,5 metros de anchura.', 0, 16724016),
(39872952, 'Sí, siempre que se circule por vías de sentido único.', 0, 48804324),
(39925742, 'Sí, cuando el equipaje es ancho y no se puede dividir.', 0, 56286381),
(39945762, 'Para limpiar el aire que se mezcla con el combustible.', 1, 12049285),
(39946621, 'conducir con normalidad.', 0, 69506973),
(39983232, '0,25 mg/l en aire espirado = 0,5 g/l en sangre.', 0, 84417540),
(40012918, 'No, si el vehículo lleva amortiguadores nuevos.', 0, 24620752),
(40039454, 'A baja velocidad con la marcha más larga que se pueda, evitando frenadas bruscas.', 0, 98307902),
(40376741, 'mucho tráfico.', 0, 66092778),
(40377747, '80 kilómetros por hora.', 0, 34976273),
(40500934, 'A todos los camiones de menos de 3.500 kg. de M.M.A.', 0, 36369390),
(40553913, 'No, porque está prohibido.', 1, 45886879),
(40653073, 'Siempre que las condiciones meteorológicas o ambientales sean favorables.', 1, 23492953),
(40654843, 'Sólo la delantera.', 0, 27189466),
(40735318, 'No.', 0, 81632084),
(40768393, 'Gases por el tubo de escape, porque contamina.', 0, 45644277),
(40777132, 'No.', 0, 10071569),
(40833433, 'La calzada de las vías interurbanas, pero no cuando ocupe el arcén.', 0, 29637538),
(40847966, 'No, cuando los frenos de mi vehículo estén en buen estado.', 0, 39932829),
(40895577, 'Sí, porque he avisado.', 0, 41368596),
(40922916, 'Sí, salvo que la ayuda esté ya organizada.', 1, 55644468),
(40923192, 'Prohíbe estacionar solamente.', 0, 20458717),
(41022511, 'Cuando un vehículo grande me adelanta.', 0, 22084764),
(41136797, 'Prohíbe hacer parada y estacionar.', 1, 20458717),
(41141648, 'Lluvia muy intensa.', 1, 28689371),
(41229601, 'No.', 1, 76346356),
(41365833, '0,25 miligramos de alcohol por litro de aire espirado.', 0, 89967186),
(41374118, 'Solo parar el motor y poner la primera relación de marchas.', 0, 83936675),
(41470671, 'Que el vehículo tenga calefacción.', 0, 44004427),
(41548554, 'No, nunca.', 0, 30693221),
(42044616, 'Entrada prohibida solo a vehículos de motor.', 0, 88181468),
(42051765, 'Sí, aunque no se vaya a realizar ninguna maniobra.', 1, 61067777),
(42238863, 'Que tenga buena ventilación para que no se empañe.', 1, 53472409),
(42362488, 'Sí, mientras no sean gases nocivos.', 0, 19701605),
(42393185, 'Obliga a continuar por donde indica la flecha.', 0, 76701282),
(42421107, 'Refuerzan el significado de las líneas discontinuas del carril.', 0, 85764101),
(42453923, '0,15 miligramos de alcohol por litro de aire espirado.', 1, 30729314),
(42466740, 'Sí, siempre.', 0, 87708597),
(42574657, 'Sí, si hay suficiente visibilidad.', 0, 78097169),
(42701256, 'ciclomotores.', 0, 53664649),
(42729677, 'no tiene influencia en la contaminación.', 0, 98130559),
(42758493, 'Cuidar de que el tubo de escape y el silenciador del vehículo estén siempre en buen estado.', 1, 93816727),
(42892349, 'No, porque el GPS es una ayuda y nunca distrae al conductor.', 0, 41475506),
(43094201, 'Fríos o calientes, es igual.', 0, 81004860),
(43190880, 'Que se puede parar y estacionar.', 0, 19886980),
(43245228, 'Existen charcos en la calzada.', 0, 70965319),
(43420127, 'Hasta un 10 por 100 de su longitud y, si la carga fuera indivisible hasta un 15 por 100.', 1, 96227067),
(43425705, '40 km/h', 0, 44261769),
(43494820, 'Antes de entrar en la intersección.', 1, 26144348),
(43538105, 'Junto con las distracciones, son responsables de la mayoría de los accidentes.', 1, 73185265),
(43546752, 'Encendiendo las luces de posición, aunque sea de día.', 0, 61970598),
(43559435, 'A mayor velocidad, mayor campo visual.', 0, 71967050),
(43566958, 'No, en autovía nunca se debe circular a menos de la velocidad mínima permitida.', 0, 99695956),
(43606560, 'Sí, cuando no haya espacio libre en las proximidades.', 0, 14091749),
(43714500, 'No, porque no puede actuar sobre la vía ni sobre el entorno.', 0, 78875868),
(43762560, 'La proximidad de un tramo de vía que presenta un riesgo especial.', 1, 28206448),
(43802935, 'A los 5 años.', 0, 89609893),
(43804660, 'Sí.', 1, 65085842),
(43930750, 'La eficacia de los elementos de seguridad del vehículo.', 0, 44539021),
(43964695, 'Sí.', 1, 37349228),
(44036193, 'Un cruce sin prioridad.', 0, 40333351),
(44037969, 'Deteniéndome antes de la señal.', 0, 93729482),
(44095830, 'Cuando el peatón ya está atravesándolo, pero no cuando sólo demuestra su intención de hacerlo.', 0, 68888595),
(44506941, 'No, ninguno.', 0, 12185071),
(44630258, 'Los turismos.', 0, 15250441),
(44684681, 'No conducir por los surcos que van dejando los vehículos que van delante.', 0, 40118490),
(44705896, 'El vehículo que pretende acceder a la glorieta.', 0, 73205803),
(44751337, 'Circular con el tubo de escape libre.', 0, 93816727),
(44765236, '0,25 miligramos de alcohol por litro de aire espirado.', 0, 30729314),
(44794466, 'Sí, en cualquier caso.', 0, 28660032),
(44859021, 'Para comprobar la temperatura del aceite.', 0, 33104044),
(44901995, 'Para comprobar la presión del aceite.', 0, 33104044),
(44908555, 'Aumentar la velocidad para que desista de realizar la maniobra.', 0, 48551317),
(45020449, 'Sí, pero no puede hacerlo en paralelo con otros vehículos.', 0, 55319309),
(45106328, 'No, siempre que el conductor lleve ropas ligeras.', 0, 15443030),
(45158685, 'Es indiferente.', 0, 36343086),
(45395144, 'Sí, y también el principio de un túnel o de un tramo equiparado a túnel.', 1, 74471254),
(45454270, 'Sí, especialmente si nuestro vehículo no dispone de sistema de luces diurnas (DRL).', 1, 16526834),
(45468185, 'Sólo los turismos de anchura superior a 2 metros.', 0, 57015046),
(45509529, 'Sí, para descongestionar el tráfico.', 0, 55239044),
(45536031, 'No.', 1, 75538724),
(45644468, 'No, porque si no utiliza la señal acústica se debe a que tiene suficiente espacio para pasar.', 0, 77920749),
(45737306, 'A una distancia mínima de 5 metros antes de la intersección.', 0, 26144348),
(45803182, 'Conectar la señal de emergencia, y hacer sonar el claxon.', 0, 96735129),
(45852720, 'Dejar el vehículo cerrado y salir del túnel cuanto antes', 0, 55960706),
(45910356, 'es recomendable, porque ayuda a mantener la atención.', 0, 17130148),
(45975323, 'La distancia no influye en la detención cuando hay niebla.', 0, 41679952),
(46019147, 'Pone a todos los que le rodean en un grave riesgo de accidente.', 1, 52211883),
(46092094, 'Cuando quiero adelantar fuera de poblado.', 1, 71447937),
(46181757, 'Porque tienen más probabilidad de caerse.', 1, 31529480),
(46268740, 'Igual que si no se utiliza.', 0, 86235214),
(46430388, 'A la derecha, fuera de la calzada si es posible, e iniciarlo desde ese lugar.', 1, 14473995),
(46484586, '0,10 mg/l en aire espirado = 0,2 g/l en sangre.', 0, 68106985),
(46537027, 'no varía.', 0, 37914858),
(46581564, 'Encender la luz de cruce o corto alcance, tanto de día como de noche, y no invadir el carril situado más a la izquierda.', 1, 36376449),
(46644628, 'No, en ningún caso.', 0, 71154770),
(46669228, 'Mediante la luz antiniebla trasera y la señal de emergencia.', 0, 61970598),
(46835724, 'El factor humano.', 1, 31120131),
(46860999, 'Sí, cuando el vehículo esté dotado de un filtro para el aire acondicionado.', 0, 75538724),
(46907362, 'Los turismos sin remolque y las motocicletas.', 1, 20423983),
(47102755, 'La marcha atrás.', 1, 97948690),
(47109840, 'Se reduce.', 1, 98834073),
(47112977, 'Por donde más convenga a mi destino.', 0, 69648587),
(47176779, 'Sólo si viene algún vehículo en sentido contrario.', 0, 81120797),
(47204400, 'Su conductor no disponga del permiso de circulación original.', 0, 18040537),
(47280862, 'No, sobre todo en las calles y avenidas anchas.', 0, 82570950),
(47320950, 'Siempre los turismos sobre el resto de vehículos.', 0, 80393912),
(47428529, 'No, los analgésicos son inofensivos.', 0, 30692687),
(47464486, 'Situada obligatoriamente en los asientos traseros y con el cinturón de seguridad del vehículo.', 0, 39928151),
(47555096, 'Para descargar objetos, siempre que la parada dure menos de 2 minutos.', 0, 50486309),
(47633744, 'Ciclomotores de dos, tres y cuatro ruedas.', 1, 50190902),
(47736016, 'Extremando la precaución y deteniéndose siempre antes de pasar.', 0, 33211932),
(47816614, 'Cuya longitud máxima, incluida la carga, supere la indicada.', 0, 90628258),
(47828211, 'Sí, pero sólo en las intersecciones.', 0, 31272351),
(47926487, '0,25 metros', 1, 13641974),
(47976485, '70 km/h.', 0, 63689098),
(48028617, 'No, no es necesario si se trata de una parada breve.', 0, 12708269),
(48045718, 'Solo pone en riesgo su propia vida.', 0, 52211883),
(48138572, 'Sí, cuando se excede de los límites de carga permitidos.', 1, 24620752),
(48160546, 'Menor que si no se utiliza.', 0, 86235214),
(48295534, 'No, sólo contribuye al confort.', 0, 67553935),
(48400327, 'Reduciendo la velocidad pero sólo, si el puente se encuentra en movimiento.', 0, 33211932),
(48415003, 'Regulando bien la posición del asiento del conductor.', 0, 27629851),
(48479309, 'Todos los vehículos que se pueden conducir con el permiso A.', 0, 50190902),
(48506354, 'No, indica únicamente el principio de un túnel.', 0, 31257319),
(48552621, 'Fuerte viento.', 0, 28689371),
(48573441, 'Cuya altura máxima, incluida la carga, supere la indicada.', 0, 90628258),
(48629413, 'No, porque la señal otorga prioridad de paso.', 0, 77651657),
(48718867, 'Ninguno, no es una situación de riesgo.', 0, 96498990),
(48730918, 'No importa la distancia porque circula por el arcén.', 0, 35927779),
(48736632, 'La vía sea de sentido único, solamente.', 0, 55768599),
(48804545, 'Una autovía.', 0, 87538535),
(48839870, 'No.', 0, 31243453),
(48956577, 'Cuando circulo por cualquier vía en cualquier circunstancia.', 0, 71447937),
(49016043, '100 kilómetros por hora.', 1, 34976273),
(49093468, 'Revisando y manteniendo el vehículo.', 1, 27629851),
(49193873, 'Sí, hasta un 10 por ciento de la longitud del vehículo.', 0, 24459931),
(49359240, 'Una autopista.', 1, 87538535),
(49386374, '150 metros.', 0, 52803278),
(49412935, 'Sí, pero solo en vías urbanas.', 0, 84774577),
(49435665, 'No.', 1, 58955874),
(49476499, 'Inmovilizar siempre el vehículo en el arcén.', 0, 76418646),
(49555111, 'El superior al recomendado en un 10%.', 0, 14712941),
(49792661, 'Es indiferente la altura del reposacabezas.', 0, 75118152),
(49934381, 'Parado o en movimiento, es igual.', 0, 14272529),
(49944088, 'Solamente en los pasos para peatones.', 0, 37349228),
(50094562, 'No, indica únicamente el principio de un túnel.', 0, 74471254),
(50199803, 'A una intersección con circulación giratoria.', 1, 96734734),
(50273928, 'Sí, si se frena bruscamente, los neumáticos pueden perder la adherencia sobre el pavimento.', 1, 49433018),
(50369183, 'Las primeras gotas son más densas y provocan peor drenaje', 0, 69365045),
(50469573, 'No, si los neumáticos tienen la presión de inflado recomendada.', 0, 49433018),
(50481551, 'Cuando entra por mi derecha.', 1, 98516351),
(50576491, 'Daños materiales y costes sanitarios, únicamente.', 0, 29257340),
(50599342, 'Sólo mejorando el estado de las vías.', 0, 47378528),
(50605033, 'A una distancia mínima de 5 metros antes de la intersección.', 0, 15289003),
(50689544, 'No.', 0, 84933316),
(50766614, 'Porque disminuye la concentración.', 1, 10158703),
(50819557, 'Por el de su derecha.', 1, 71538517),
(50926114, 'Por la fecha de caducidad.', 0, 99873768),
(50987903, 'Un paso a nivel sin barreras de una vía férrea.', 0, 41688159),
(51101171, 'Únicamente parar el motor.', 0, 72339319),
(51374635, 'Circular como mínimo a 60 km/h y como máximo a 80 km/h.', 0, 36376449),
(51386209, 'Con el coche en movimiento para ver mejor.', 0, 14272529),
(51424631, 'Mantener inmovilizado el vehículo.', 0, 93389467),
(51485595, 'Cuando circulo por vías urbanas solamente.', 0, 71447937),
(51540383, 'Ninguna, el freno de mano solamente.', 0, 42297413),
(51638969, 'termina la obligación de circular, al menos, a 30 km/h.', 1, 32404728),
(51644946, 'Evitar o disminuir los daños que se produzcan en caso de accidente.', 1, 35978961),
(51704293, 'Porque no me deja ver la calzada', 0, 97264981),
(51875330, 'Cuando esté libre el carril de la derecha.', 0, 94990464),
(51966849, 'El vehículo que se encuentra dentro de la calzada circular.', 1, 73205803),
(52143329, 'Sí.', 1, 10071569),
(52191202, 'Llevar el pie siempre en el pedal del freno.', 0, 99498263),
(52229834, 'Solamente si circulan vehículos en sentido contrario.', 0, 90504684),
(52303301, 'No, solo está obligado a cuidar la colocación de los objetos.', 0, 10071569),
(52439597, 'Para limpiar el aire de la calefacción.', 0, 12049285),
(52497755, 'Con el vehículo parado o en movimiento, es igual.', 0, 58107789),
(52503315, 'La proximidad de un tramo de vía que presenta un riesgo especial.', 1, 54056877),
(52620010, 'No, salvo las señales de “ceda el paso” y “stop”.', 0, 37167840),
(52663029, 'Para subir o bajar personas.', 0, 50486309),
(52708872, 'A los cuatros años de antigüedad.', 1, 74691498),
(52749880, 'Circular igual que lo está haciendo, con la luz de largo alcance encendida.', 0, 21980504),
(52766740, 'Menos seguras.', 0, 39426874),
(52814042, ' Cuando la profundidad del dibujo sea menor de 1,6 mm.', 1, 95514214),
(52881095, 'A una intersección en la que tienen preferencia los vehículos que entran por la derecha.', 0, 96734734),
(52911523, 'La suspensión y los amortiguadores.', 0, 91987645),
(52951280, 'aumentar la velocidad para adelantarlos cuanto antes.', 0, 43352977),
(53028587, 'Son responsables de la mayoría de los accidentes, en vías de doble sentido solamente.', 0, 73185265),
(53046106, 'Solo cuando se vean bien.', 1, 22110018),
(53054894, 'Caen las primeras gotas.', 1, 70965319),
(53057762, 'Las luces de emergencia y las luces cortas.', 0, 68199855),
(53081037, 'Aumentan la fatiga ocular del conductor.', 0, 44359954),
(53083828, 'Sí, pero sólo para no ser sancionado por exceso de velocidad.', 0, 82570950),
(53190171, 'Que sólo se puede pagar con sistema de telepeaje.', 1, 46530505),
(53398921, 'Sí, porque al bajar el centro de gravedad resulta fácil derrapar y perder el control de la misma. c.	', 0, 95157033),
(53502971, 'Los vehículos que transporten mercancías peligrosas.', 0, 92914196),
(53591705, 'Después de la época de lluvias se habrán desgastado.', 0, 99873768),
(53631238, 'Suele aumentar el número y la duración de los parpadeos y la visión puede volverse borrosa.', 1, 72071893),
(53901358, 'No, ya que al no estar implicado, no tiene ninguna responsabilidad.', 0, 55644468),
(53911022, 'A detenerse a los usuarios de la vía hacia los que dirige la luz.', 1, 51777542),
(54022223, 'Sí, ya que aumenta la seguridad de circulación y así se evitan los derrapes.', 0, 87884834),
(54297895, 'Entre la puesta y la salida del sol.', 1, 94036306),
(54313607, 'Cuando llevo las piernas rectas y el cuerpo hacia atrás.', 0, 42411867),
(54330232, 'Sí, porque no hay señales que lo prohíben.', 0, 45886879),
(54339329, 'Solamente si lo solicita alguna autoridad presente.', 0, 55644468),
(54349637, 'Mantenga el interior del vehículo a una temperatura superior a 25 grados.', 0, 79207082),
(54371377, 'No.', 0, 99428909),
(54432539, 'Menos temeraria.', 0, 17441939),
(54450139, 'Una zona reservada para la salida de competiciones de coches.', 0, 84651718),
(54478634, 'Durante el día al cruzar un paso a nivel.', 0, 94036306),
(54529052, 'Preferentemente la señalización luminosa del vehículo.', 1, 44650073),
(54543313, 'De un resalto o badén en el pavimento.', 0, 17832891),
(54563361, '0,7 gramos de alcohol por litro de sangre.', 0, 51095055),
(54566710, 'Solo se colocará cuando la carga sobresalga por la parte delantera.', 0, 97315169),
(54601359, 'Igual de seguras.', 0, 39426874),
(54630733, 'Escalón lateral', 0, 98275865),
(54728762, 'Aumenta.', 0, 98834073),
(54804501, 'No.', 0, 24630048),
(54846077, 'Sujeta de forma que no interfiera en el conductor para evitar perder el control del vehículo.', 1, 39928151),
(54873734, 'Advertirlo mediante señales acústicas.', 0, 88788905),
(54886467, 'No, indica el final de un túnel o paso inferior.', 0, 74471254),
(54892475, 'Siempre que un peatón esté atravesándolo o demuestre su intención de hacerlo.', 1, 68888595),
(54922911, 'No, si el vehículo lleva amortiguadores nuevos.', 0, 33514487),
(55161380, 'Nada, porque no tiene ninguna obligación.', 0, 48551317),
(55249288, 'Estacionamiento prohibido.', 0, 22342164),
(55302089, 'No.', 1, 43854573),
(55328298, 'No; al reducir la velocidad mayor es la proporción de agua en el asfalto.', 0, 61336724),
(55496274, 'Pavimento deslizante por nieve.', 0, 45181914),
(55532420, 'Debe estacionar en un lugar permitido y seguro, manteniendo encendidas las luces de posición.', 1, 82738062),
(55555774, 'Un tramo de vía donde hay un cambio de dirección.', 0, 43275138),
(55585819, 'Como muy tarde a principios de diciembre.', 0, 45948934),
(55596807, 'Sólo cuando llegue al lugar de trabajo.', 0, 73190603),
(55650542, 'No está obligado a respetar las normas de circulación.', 0, 61770173),
(55675685, 'Hace que los neumáticos se desgasten menos.', 0, 95213664),
(55770898, 'Sí, mejora la visibilidad y la seguridad cuando se conduce.', 0, 57333947),
(55833729, 'Un dispositivo de retención infantil adaptado a su talla y peso.', 1, 44407854),
(55878414, 'El tiempo que pasa desde que se ve un peligro hasta que se toma una decisión.', 1, 11455838),
(55916086, 'Circule a menor velocidad para disminuir los efectos de la fatiga.', 0, 79207082),
(55932867, 'Realizar la revisión de las escobillas con el fin de asegurar su máxima eficacia.', 1, 85896569),
(56000265, 'si usamos gafas graduadas.', 0, 64086910),
(56079096, 'comienza la obligación de circular a más de 30 km/h.', 0, 32404728),
(56414771, 'Circular por el arcén y abandonar la vía por la primera salida.', 1, 76418646),
(56468263, 'Solo por la noche.', 0, 95570855),
(56523512, 'El tiempo que pasa desde que se empieza una maniobra hasta que se termina.', 0, 11455838),
(56543545, 'Solo apagar las luces.', 0, 83936675),
(56549063, 'La inmovilización del vehículo por necesidades de la circulación.', 1, 93664822),
(56595235, 'La primera velocidad.', 0, 97948690),
(56646268, 'No.', 1, 17023462),
(56654611, 'No, pero las motos y ciclomotores pueden circular sin él.', 0, 14608782),
(56773296, 'La distancia a la que termina el peligro.', 0, 60503577),
(56840373, 'No, porque lo prohíbe la marca vial.', 1, 46384072),
(56846399, 'Sí.', 1, 81632084),
(56862050, 'Con un ángulo de giro más abierto que si estuviera seca e inclinándome más.', 0, 74322485),
(56881217, 'a vehículos de dos ruedas', 0, 53664649),
(56921389, 'No, excepto en los lugares señalizados.', 1, 44953248),
(57026711, 'A los camiones de más de 3.500 kg. de M.M.A.', 1, 36369390),
(57121336, 'Durante el día en travesías de poblaciones.', 0, 94036306),
(57245461, 'Sí, porque es obligatorio.', 0, 95467398),
(57349173, 'En ningún caso debe realizarse la operación de descarga dentro de la vía.', 0, 57213209),
(57375435, 'Sí, para no tener frío y, además, en caso de accidente protege al ocupante.', 0, 11596404),
(57529659, 'Porque suelen estorbar el tráfico.', 0, 31529480),
(57678971, 'A cierta distancia del ciclista, para evitar que se asuste.', 1, 89771408),
(57749797, 'Para limpiar el aire de la calefacción.', 0, 17456438),
(57798860, 'Nunca, porque está prohibido adelantar.', 0, 37452169),
(57870402, 'El uso de los espejos retrovisores no aporta seguridad adicional a la conducción.', 0, 61067777),
(57928212, 'Cuando la profundidad del dibujo sea menor de 2 mm.', 0, 95514214),
(57961210, 'Elimina la superficie rugosa que forman los prismas de la superficie exterior.', 0, 95268094),
(57985352, 'Cediendo el paso a los vehículos que circulan por la autovía.', 1, 93729482),
(58034374, 'Sólo en vía urbana.', 0, 52227928),
(58124302, 'Mucho antes de que el conductor llegue a quedarse dormido.', 1, 95570855),
(58160957, 'No, debiendo utilizar el cinturón de seguridad.', 1, 44136424),
(58301607, 'Los sistemas de “manos libres”.', 1, 81818892),
(58306801, 'Apagar el motor, conectar la señal de emergencia y mantener encendidas las luces de posición', 1, 55960706),
(58422211, 'Ceder el paso a los vehículos que circulen por la izquierda.', 0, 45064596),
(58431769, 'La que permita al vehículo que circule detrás, adelantarme con seguridad.', 1, 52803278),
(58447911, 'Lo más alto posible para que no moleste.', 0, 14980483),
(58470965, 'Adaptar las marchas a las necesidades del vehículo.', 1, 83816733),
(58543327, 'No. El nuevo titular es el que tiene que comunicar la compra.', 0, 21149161),
(58549853, 'No, es un elemento que puede ser perjudicial para la seguridad de los ocupantes.', 0, 36863836),
(58579288, 'Sí, porque ayuda a una mejor ventilación del vehículo.', 0, 75538724),
(58741311, 'Sí, e influir en su estado y comportamiento.', 1, 62358308),
(58854475, 'A mayor velocidad, menor campo visual.', 1, 71967050),
(58953671, 'Inmediatamente antes de la intersección.', 0, 97985041),
(59025396, 'Vertical.', 0, 32739573),
(59289359, 'Controlada obligatoriamente por un pasajero.', 0, 39928151),
(59396172, 'No.', 1, 62634193),
(59585033, 'No.', 0, 63717927),
(59634548, 'El estacionamiento.', 1, 21445058),
(59693198, '0,50 metros.', 0, 13641974),
(59785302, 'A ningún vehículo, porque esta señal me indica que circulo por la vía con prioridad.', 0, 68170646),
(59791470, 'no es una parte del sistema de escape de los motores.', 0, 98130559),
(59847768, 'Circulación prohibida en ambos sentidos para toda clase de vehículos.', 0, 88181468),
(59945806, 'El servofreno.', 0, 39907719),
(59961950, 'No, sólo señaliza su situación.', 1, 28660032),
(60038411, '0,15 miligramos de alcohol por litro de aire espirado.', 1, 89967186),
(60053638, 'No, no es necesario.', 0, 98681497),
(60079072, 'Sí; deberá colocarse en la parte posterior de la carga.', 1, 97315169),
(60079198, 'Del factor vehículo.', 0, 24524913),
(60149921, 'Que proteja convenientemente de los ruidos.', 0, 53472409),
(60158601, 'reduce la fatiga.', 0, 98459458),
(60169465, 'Por el central o el derecho, es indistinto.', 0, 55803722),
(60176897, 'Después de ver en el espejo la parte delantera del vehículo adelantado.', 1, 72554325),
(60338612, '0,15 mg/l en aire espirado = 0,3 g/l en sangre.', 1, 84417540),
(60405452, 'Que no se puede parar ni estacionar.', 1, 19886980),
(60432634, 'Los vehículos de asistencia en carretera.', 0, 92914196);
INSERT INTO `respuesta` (`codrespuesta`, `texto`, `correcta`, `pregunta`) VALUES
(60459556, 'En las calzadas de menos de 8 m de anchura.', 0, 92444548),
(60494256, 'Adecuado a la forma de conducir de cada persona.', 0, 25589493),
(60599174, 'Es indiferente.', 0, 89771408),
(60724168, 'Sí, pero solo si su cilindrada es igual o inferior a 125 c.c.', 0, 55319309),
(60724691, 'protege más en caso de accidente.', 0, 99299713),
(60733890, 'Porque el viaje dura más.', 0, 10158703),
(60737620, 'Sí, porque el vehículo puede derrapar por falta de agarre.', 1, 49934528),
(60750938, 'Adelantar, únicamente.', 0, 65653292),
(60781401, 'No, sólo es necesario usarlos cuando se vaya a realizar una maniobra.', 0, 61067777),
(60799218, 'Sí, a mayor velocidad menor capacidad de anticipación.', 1, 63717927),
(61021112, 'Está prohibido.', 0, 53810615),
(61023097, 'No, en ningún caso.', 0, 65085842),
(61054494, 'Sí, puede aparecer la visión túnel.', 1, 41894796),
(61089062, '50 km/h.', 1, 63689098),
(61168284, 'En ningún caso.', 0, 98013077),
(61172614, 'No, porque es una vía para circulación rápida.', 0, 99695956),
(61229383, 'A los 4 años desde la fecha de matriculación.', 1, 89609893),
(61384109, '0,10 mg/l en aire espirado = 0,2 g/l en sangre.', 0, 84417540),
(61414315, 'A los vehículos que tienen más de 3.500 kilogramos de peso.', 0, 16724016),
(61586749, 'No.', 0, 24459931),
(61640427, 'Sí, porque la flecha verde me obliga a girar.', 0, 95671136),
(61673746, 'Solo cuando se utilicen de día.', 0, 22110018),
(61893384, 'Es recomendable.', 0, 68935851),
(61903275, 'Asume menos riesgos.', 0, 52211883),
(62033644, 'Sí influye; unos neumáticos en buen estado permiten una mejor adherencia al suelo y una frenada más eficaz', 1, 52843860),
(62058541, 'A 100 km/h.', 0, 92793148),
(62237808, 'debe comprobarse, como mínimo, dos veces al año.', 0, 23885549),
(62237862, 'Circular por el carril derecho.', 0, 76418646),
(62437272, 'A horcajadas y con los pies apoyados en los reposapiés laterales.', 1, 42900183),
(62452054, 'mantiene al conductor más atento ante cualquier peligro.', 0, 82661497),
(62501233, 'Cuando llevo las piernas dobladas y el cuerpo hacia adelante.', 0, 42411867),
(62509028, 'Cualquier camión.', 0, 17934159),
(62623250, 'No, porque se ha probado su eficacia.', 0, 31814464),
(62673243, 'Pavimento deslizante', 0, 98275865),
(62765440, 'Sólo si está implicado en un accidente.', 0, 83179382),
(62916790, 'Es una conducta que puede interferir en la conducción y provocar un accidente.', 1, 43389905),
(62999119, 'Recomienda el lado del refugio por el que los vehículos pueden pasar.', 0, 58902899),
(63060636, 'Manteniendo limpio el motor.', 0, 27629851),
(63069017, 'Para comprobar el nivel del aceite.', 1, 33104044),
(63132257, 'Sí, siempre que no pasen peatones.', 0, 76931715),
(63218456, 'Pisar a fondo el pedal del freno, accionando el embrague al mismo tiempo.', 0, 30077214),
(63263016, 'Un paso a nivel, puente móvil o muelle.', 1, 40333351),
(63264120, 'Disminuyen las distracciones.', 0, 43191882),
(63273632, 'Sí, en general, son sucesos predecibles.', 1, 47378528),
(63617028, 'Sí, es obligatorio.', 1, 22472150),
(63619989, '0,25 mg/l en aire espirado = 0,5 g/l en sangre.', 0, 68106985),
(63723803, 'No, porque la flecha verde me permite pasar pero debo ceder el paso al vehículo que se aproxima.', 1, 95671136),
(63784619, 'Sí, señalizada con un panel de franjas rojas y blancas.', 0, 62634193),
(63863255, 'Dejar colocada la primera marcha.', 0, 43271325),
(63868241, 'Genera comportaminetos impacientes o impulsivos.', 1, 96020965),
(64015388, 'Sí, en cualquier caso.', 1, 46157809),
(64072758, 'Sí.', 1, 96810075),
(64119808, 'Ascendente, en todo caso.', 0, 98659582),
(64175195, 'tener presente que pueden producir efectos secundarios que afecten a la conducción.', 1, 69506973),
(64418281, 'Por el carril que más convenga para mi destino.', 0, 71538517),
(64420829, 'Sí, cuando la velocidad no se adapte a las circunstancias del tráfico.', 1, 33074244),
(64520881, 'No.', 1, 10826360),
(64528660, 'El vehículo que se encuentra dentro de la calzada circular.', 1, 76176740),
(64569828, 'Parar el motor, apagar las luces, los equipos eléctricos y el móvil.', 1, 83936675),
(64676961, 'El pasajero.', 1, 97724269),
(64816295, 'Soltar el pedal del acelerador, y no tocar el pedal del freno, para conseguir más adherencia y tomar la curva.', 1, 57458883),
(64956575, 'Proporciona un estado de relajación.', 0, 96020965),
(65052223, 'La obligación de girar a la derecha en la intersección.', 0, 67244363),
(65144624, 'Las motocicletas y los ciclomotores.', 1, 15250441),
(65174833, 'Favorece la fatiga y el sueño.', 0, 96020965),
(65488899, 'Cuando por razones de emergencia, circule a velocidad anormalmente reducida.', 1, 98013077),
(65545399, '90 kilómetros por hora.', 0, 34976273),
(65571933, 'ciclomotores', 1, 27099354),
(65629993, 'Sí, por el riesgo de alcance en caso de frenada.', 1, 39932829),
(65816167, 'No, porque la señal no afecta a la prioridad de paso.', 0, 77651657),
(66083666, 'Somnolencia y pérdida de concentración.', 1, 73014706),
(66301048, 'A disminuir la velocidad.', 0, 51777542),
(66527858, 'No, ya que en caso de accidente reduce la eficacia del cinturón de seguridad y del pretensor.', 1, 11596404),
(66677657, 'Indistintamente, por la derecha o por la izquierda siempre que haya un arcén.', 0, 85393198),
(66937659, 'No debe cambiar nunca de carril salvo para adelantar.', 0, 97541547),
(67139283, 'obliga a llevar encendida, al menos, la luz de cruce.', 1, 21135415),
(67153490, 'Sí, siempre.', 0, 80362886),
(67161935, 'A menor velocidad, menor campo visual.', 0, 69710310),
(67286323, 'Iluminan peor la vía, pero reducen la fatiga ocular del conductor.', 0, 44359954),
(67292091, 'Sí, pero no es necesario si es el empleado de la gasolinera quien llena el depósito.', 0, 31243453),
(67339734, 'Por el lado del conductor, siempre.', 0, 22506393),
(67583998, 'Sí, en una estación ITV', 1, 98681497),
(67600083, 'Alumbrado, neumáticos, frenos y suspensión.', 0, 12317718),
(67669751, 'Mantener la velocidad lo más elevada y constante posible.', 0, 30847877),
(67696566, 'Un peligro.', 1, 43387050),
(67698038, 'Adelantar y cambiar de sentido.', 1, 65653292),
(67746348, 'Incorporándose al carril derecho a la mayor velocidad posible.', 0, 70856689),
(67779355, 'Conducir sin descanso durante demasiado tiempo.', 1, 78946063),
(67846392, 'Con una luz blanca y un reflectante blanco, de noche o en condiciones que disminuyan sensiblemente la visibilidad.', 0, 89059799),
(67950802, 'Que se puede parar pero no estacionar.', 0, 19886980),
(68121682, '0,3 miligramos de alcohol por litro de aire espirado.', 0, 30729314),
(68163219, 'Encender la señal de emergencia, además de la luz de cruce, tanto de día como de noche.', 0, 36376449),
(68253054, 'Iniciar la marcha inmediatamente después de arrancar el motor.', 1, 52258556),
(68264300, 'No, sólo debe dejar accionado el freno de mano.', 0, 12708269),
(68383112, 'Zona para detener un vehículo en caso de fallo de los frenos.', 1, 81908759),
(68383977, 'Los camiones.', 0, 15250441),
(68439901, 'Debe parar en todo caso, aunque sea en la calzada.', 0, 82738062),
(68571798, 'Sí, cuando se puede volver a la derecha sin peligro en caso de encontrar vehículos en sentido contrario.', 1, 67179347),
(68665448, 'Sí, y además debe desconectar el sistema de arranque o contacto.', 1, 12708269),
(68679377, 'disminuye si las temperaturas son bajas.', 0, 37914858),
(68820129, 'Doblando el brazo izquierdo hacia arriba, con la palma de la mano extendida.', 0, 98039450),
(68833891, 'Sí, cuando sea necesario y las circunstancias lo permitan.', 1, 88687535),
(68852945, 'Un enorme impacto económico, solamente.', 0, 29257340),
(68920760, 'todos los ciudadanos, directa o indirectamente.', 1, 56957898),
(68949904, 'Sólo si se mezcla con alcohol.', 0, 30692687),
(69097372, 'Es necesario descansar con más frecuencia.', 1, 94809771),
(69247709, 'No, salvo en vías urbanas o con mucho tráfico.', 0, 17023462),
(69252892, 'En cualquier caso.', 0, 23492953),
(69253074, 'Parar el motor y apagar las luces, únicamente.', 0, 72339319),
(69319502, 'Sí, para no tener sensación de frío, que puede hacer que nos distraigamos.', 0, 11596404),
(69582024, 'Para limpiar el aire que se mezcla con el combustible.', 1, 17456438),
(69587668, 'Obstrucción en la calzada.', 1, 98275865),
(69736675, 'Debe acelerar para pasar la tormenta.', 0, 82738062),
(70126427, 'Sí, la luz de corto alcance.', 1, 56793570),
(70150554, 'debe comprobarse cada tres meses.', 0, 23885549),
(70239536, 'Sólo la trasera.', 1, 27189466),
(70240982, 'Por el lado más próximo al borde de la vía, como norma general.', 1, 57728324),
(70268318, 'No; las luces de emergencia se usan solo con el vehículo detenido.', 0, 24026273),
(70345190, 'No, la absorción se realiza por el organismo a un ritmo constante, independientemente de la bebida.', 0, 33080645),
(70379280, 'No.', 0, 33042609),
(70407293, 'Llevar encendida la luz antiniebla delantera solamente.', 0, 54815771),
(70410717, 'Parar para hablar por teléfono móvil.', 0, 80847699),
(70524009, 'La colisión por alcance de vehículos que van a más velocidad.', 0, 24458658),
(70605982, 'Porque pueden salpicar agua.', 0, 31529480),
(70606256, 'A los 3 años desde la fecha de expedición de la Tarjeta de Inspección Técnica.', 0, 89609893),
(70671579, 'Sí, siempre.', 0, 99428909),
(70871942, 'Salir de la calzada por la derecha, si fuera posible, y esperar hasta que las condiciones de la circulación le permitan hacer la maniobra.', 1, 73649889),
(70887322, 'Niebla espesa.', 1, 55237291),
(70902599, 'No, siempre y cuando circule a una velocidad moderada.', 0, 41475506),
(70962932, 'Solo si la masa máxima autorizada del conjunto no supera los 3.500 kilogramos.', 0, 46157809),
(71099078, 'Por cualquier lado del vehículo, tomando las debidas precauciones.', 0, 22506393),
(71191649, 'Parar el motor, desconectar los sistemas eléctricos y apagar los teléfonos móviles.', 1, 22909671),
(71522545, 'Sí, cuando el remolque no es ligero.', 0, 36478119),
(71577717, 'No, porque la luz roja me prohíbe girar.', 0, 95671136),
(71583315, 'Es obligatorio.', 1, 68935851),
(71662636, 'A todos los vehículos de motor, incluidos camiones.', 0, 36369390),
(71814672, 'Sí, debo comunicar mi nuevo domicilio en el plazo de 15 días.', 1, 84933316),
(71829305, 'Tener colores oscuros.', 0, 25132294),
(71868205, 'Del factor humano.', 0, 69824973),
(71898707, 'No, porque no es un agente de circulación.', 0, 20405730),
(71987137, 'No, es un elemento de seguridad que no debe cambiarse nunca.', 0, 31814464),
(72089871, 'La circulación sea nocturna.', 0, 55768599),
(72293139, 'Depositando la mercancía en el arcén o en la zona peatonal más próxima.', 0, 57213209),
(72364184, 'El adecuado a los amortiguadores que lleve el coche.', 0, 14712941),
(72394241, 'Igual que cuando son favorables.', 0, 47230331),
(72546952, 'Sí.', 1, 91633032),
(72552597, 'El lado del refugio por el que los vehículos han de pasar.', 1, 58902899),
(72691337, 'Más restrictiva.', 0, 33902948),
(72788522, 'No, está prohibido.', 0, 14170161),
(72824905, 'No.', 0, 95467398),
(72845209, 'Calientes.', 0, 81004860),
(73245540, 'al adelantarlos, dejar en todo momento una separación lateral suficiente.', 1, 43352977),
(73354384, 'No, porque la goma dura se agarra mejor a la calzada.', 0, 49934528),
(73389811, 'A los vehículos que entran por la derecha.', 1, 11495949),
(73397468, 'Ascendente, salvo si pudiera llegar antes a un apartadero.', 1, 98659582),
(73433053, '60 km/h', 1, 38139815),
(73492651, 'Sí, para tener más espacio para reaccionar ante cualquier frenada del vehículo que va delante.', 1, 41679952),
(73493321, 'Sí, porque la señal sólo prohíbe el paso a automóviles, y no a ciclomotores.', 0, 58955874),
(73626404, 'Entrada prohibida a toda clase de vehículos', 1, 88181468),
(73692495, 'Preferentemente el brazo.', 0, 44650073),
(74336256, 'No.', 1, 78097169),
(74425234, 'Sí, por la falta de experiencia al volante.', 1, 24630048),
(74648113, 'Sí, para cargar o descargar mercancías.', 0, 43854573),
(74734354, 'Aplicar las normas generales de prioridad de paso de los vehículos que se acerquen por la derecha.', 0, 43948033),
(74740144, 'No.', 0, 52227928),
(74836408, 'Esperar unos minutos antes de iniciar la marcha para que el motor se caliente.', 0, 52258556),
(75026651, 'Sólo cuando el vehículo lleva dos espejos retrovisores exteriores.', 1, 87708597),
(75156943, 'Salida de la autopista o autovía.', 0, 81908759),
(75178350, 'Bombear siempre los frenos con fuerza cuando sea necesario.', 0, 66904988),
(75215507, 'tienen distinto símbolo y tamaño que las usadas en tramos sin obras.', 0, 84620518),
(75313663, 'El ABS', 1, 39907719),
(75321878, 'No, si se llevan las luces encendidas.', 0, 41679952),
(75445190, 'aumenta la fatiga.', 1, 98459458),
(75619923, 'Cuando se inmovilice el vehículo en una autopista.', 1, 68158026),
(75630215, 'Descendente, salvo si pudiera llegar antes a un apartadero.', 0, 98659582),
(75697946, 'Camiones de M.M.A menor de 3.500 kg ni conjuntos de vehículos.', 0, 33644658),
(75743773, 'Hay que realizar los mismos descansos que si la temperatura es normal.', 0, 85691402),
(75849855, 'No se crea ningún peligro por que el agua refrigera los neumáticos y frenan mejor.', 0, 73826086),
(76092799, 'No, si no se va a utilizar.', 0, 27559402),
(76161338, 'Por su izquierda.', 1, 75634825),
(76261986, '1,50 metros, al menos.', 1, 70677178),
(76470051, 'Aplicar sobre el parabrisas el líquido que recomienda el fabricante para facilitar el desplazamiento de las escobillas.', 0, 85896569),
(76495641, 'Sólo a los vehículos que tengan mayores dificultades de maniobra.', 0, 68170646),
(76516578, 'Sí, cuando se excede de los límites de carga permitidos.', 1, 33514487),
(76539598, 'Cuando dejo 1 metro o más de distancia de seguridad lateral y aviso con el claxon.', 0, 37452169),
(76593977, 'La señalización horizontal.', 1, 93243507),
(76753739, 'Sí, porque en este caso puede deberse a una mala combustión.', 1, 73783596),
(76962333, 'indica una zona reservada para un uso especial, donde sólo puedo parar.', 0, 17680027),
(77039519, 'Que se pueda sujetar sin tener que llevarlo abrochado.', 0, 53472409),
(77049966, 'Una presión distinta en los neumáticos de un mismo eje.', 1, 50991139),
(77192547, 'Circular a la velocidad mínima de la vía.', 0, 99498263),
(77284785, 'Sí, por ello se debe descansar con mayor frecuencia.', 1, 80519941),
(77295777, 'Sólo en los viajes largos.', 0, 80519941),
(77365553, 'Sólo los conductores que presenten síntomas de embriaguez.', 0, 39904676),
(77373461, 'El factor vía y entorno.', 0, 31120131),
(77430460, 'Que se inmovilice el vehículo fuera de la calzada.', 0, 86038836),
(77433335, 'Sí, si no se lleva puesto el cinturón de seguridad.', 1, 99428909),
(77446194, 'No.', 0, 67179347),
(77687625, 'Sí.', 1, 30692687),
(77705344, 'debe comprobarse con frecuencia, y siempre antes de iniciar un viaje largo.', 1, 23885549),
(77936922, 'Por cualquiera de ellos.', 0, 55803722),
(77964073, 'Parar el motor y apagar las luces, únicamente.', 0, 22909671),
(78113374, 'El calentamiento de los frenos al mojarse.', 0, 73826086),
(78172270, 'Sí.', 1, 67553935),
(78173256, 'Una sola placa en la parte posterior, en posición vertical.', 1, 22058162),
(78246235, 'A detenerse a los usuarios de la vía hacia los que dirige la luz.', 1, 40582394),
(78415435, 'Cuando el vehículo de delante vaya a girar a la izquierda y exista espacio libre en la calzada.', 1, 94990464),
(78823151, 'Con la marcha más corta que se pueda para evitar deslizamientos', 1, 98307902),
(78832852, 'Cerca del ciclista.', 0, 36343086),
(78841585, 'Su conductor sea sancionado dos veces en el mismo día.', 0, 18040537),
(78926695, 'Sí, pero debo adelantar rápidamente.', 0, 28116481),
(79022830, 'Circular con marchas cortas.', 0, 83816733),
(79069815, 'después de una comida ligera.', 0, 64086910),
(79257283, 'los conductores que tienen un accidente al pagar el seguro de su vehículo.', 0, 56957898),
(79328912, 'Con la luz de posición, siempre.', 0, 39504708),
(79444814, 'Del factor vía y entorno.', 0, 24524913),
(79554248, 'La colisión frontal con otras motocicletas.', 0, 24458658),
(79623491, 'La capacidad del conductor para anticiparse a las circunstancias del tráfico.', 0, 44539021),
(79747799, 'Los daños personales que sufra el conductor responsable.', 1, 68910974),
(79808840, 'No, porque en autopistas no es obligatorio.', 0, 80362886),
(79933049, 'No, porque un turismo no transporta exclusivamente mercancías.', 0, 97315169),
(79966529, 'La fatiga que puede aparecer durante la conducción.', 1, 44539021),
(80139772, 'Por el lado más próximo al borde de la vía, como norma general.', 1, 14373222),
(80233967, 'No.', 1, 76931715),
(80368403, 'Dejar más distancia de seguridad con el vehículo de delante.', 1, 99498263),
(80471046, 'Las de posición y las de emergencia.', 1, 68199855),
(80558565, 'Reducir la velocidad, obligatoriamente.', 0, 21980504),
(80599457, 'La dirección y el sentido del movimiento giratorio que los vehículos deben seguir.', 1, 67244363),
(80623488, 'Del factor vía y entorno.', 1, 69824973),
(80680737, 'Evita el bloqueo de las ruedas solo en calzadas secas.', 0, 95213664),
(80697282, 'Frenos, neumáticos, airbags y cinturones de seguridad.', 0, 12317718),
(80726895, 'Todos los autorizados a circular por la vía.', 0, 20423983),
(80743827, 'No, porque a mayor peso mayor estabilidad.', 0, 95157033),
(81051823, 'Motocicletas de más de 125 cc.', 0, 50190902),
(81160514, 'No, porque está prohibido.', 1, 28116481),
(81333051, 'Camiones de M.M.A mayor de 3.500 kg ni vehículos articulados.', 1, 33644658),
(81354964, 'Que puedo girar a la derecha con prioridad.', 0, 88421704),
(81417638, 'No, salvo que alguna de las personas implicadas en el accidente lo solicite.', 1, 71154770),
(81460549, 'Solamente si circulan vehículos en sentido contrario.', 0, 20405730),
(81504394, 'Deberá abandonar la vía en cuanto le sea posible.', 0, 82756982),
(81504481, '60 metros.', 0, 69554793),
(81594185, 'Se tiene más seguridad.', 0, 43191882),
(81707657, 'Acelerando porque no estoy obligado a ceder el paso.', 0, 93729482),
(81717122, 'Mayor, para así disponer de más tiempo y espacio para reaccionar.', 1, 47230331),
(81815709, 'Sí, señalizando la maniobra convenientemente.', 0, 80637741),
(81841772, 'Las señales de balizamiento.', 0, 93243507),
(81917744, 'Con una luz blanca, tanto de día como de noche.', 0, 89059799),
(81944859, 'Cualquier vehículo de más de 3.500 kg.', 0, 33644658),
(82065002, 'No, sólo puede encenderse la luz de corto alcance.', 0, 64317906),
(82295033, 'Mantener el vehículo siempre en contacto con el suelo.', 1, 93389467),
(82332556, 'Sí, pero solamente con tasas de alcohol por encima de las permitidas.', 0, 41894796),
(82397908, 'Cinturones de seguridad, airbags, apoyacabezas y casco.', 1, 12317718),
(82441978, 'No, debe utilizarse además el alumbrado de cruce o el de carretera.', 1, 26548955),
(82519303, 'Que es un carril para autobuses y camiones.', 0, 46530505),
(82776158, 'Sí, para evitar accidentes o reducir la gravedad de las lesiones.', 1, 14170161),
(82792331, 'Sí, pero sólo cuando la calzada está mojada.', 0, 49934528),
(82911165, 'No, es opcional.', 0, 85579070),
(83315250, 'Una zona reservada para frenado de emergencia, donde no puedo parar ni estacionar.', 1, 84651718),
(83339867, 'Que se puede pagar con telepeaje o con moneda.', 0, 46530505),
(83403936, 'donde no se puede estacionar, pero sí se puede parar.', 1, 89114769),
(83405290, 'Sí, como en cualquier motocicleta.', 0, 44136424),
(83468722, '50 km/h', 0, 44261769),
(83580675, 'Obligatoriamente un sistema de retención infantil soldado a la carrocería del vehículo.', 0, 44407854),
(83603156, 'Los frenos y el ABS.', 0, 91987645),
(83694770, 'Mediante el empleo reiterado de las luces de frenado.', 1, 61970598),
(83751263, 'Las de posición y las cortas.', 1, 48866873),
(83954439, 'Sí, y si fuera preciso, debe detenerse sin riesgo para la circulación.', 1, 48804324),
(84071324, 'Desorientación.', 0, 73014706),
(84107430, 'Es obligatorio para los vehículos de dos ruedas.', 0, 15450163),
(84183203, 'Antes de salir del vehículo.', 1, 49707641),
(84203703, 'Sí, porque está autorizado a regular el paso de vehículos en el tramo de obras.', 1, 90504684),
(84279247, 'Una zona reservada para el estacionamiento de camiones.', 0, 84651718),
(84282129, 'Permite seguir circulando extremando la precaución.', 0, 76701282),
(84342184, 'A mayor velocidad, mayor campo visual.', 0, 69710310),
(84345274, 'Fríos.', 1, 81004860),
(84349815, 'Un lugar en el que se encuentran dos tramos de vía de distinta inclinación.', 1, 43275138),
(84637574, 'No', 1, 56286381),
(84715792, 'Que los vehículos que circulan detrás mantienen la distancia de seguridad.', 0, 42997221),
(84752951, 'Porque frena mi vehículo y no me deja adelantar.', 0, 97264981),
(84907073, 'De un puente móvil.', 1, 17832891),
(85051456, 'Sí, pero solamente cuando la línea del borde de la calzada es discontinua', 0, 43854573),
(85080292, '0,30 miligramos de alcohol por litro de aire espirado.', 0, 89967186),
(85199916, 'Cuando baje los brazos.', 0, 34631938),
(85240281, 'El vehículo que circula por el carril que se pretende ocupar.', 1, 80393912),
(85241748, 'No, debe llevarlo abrochado siempre.', 0, 32298880),
(85430077, '100 kilómetros por hora', 0, 12680351),
(85442152, 'Sí, cuando la línea es discontinua; no, cuando es continua.', 0, 88687535),
(85514329, 'Inmovilizar el vehículo por emergencia o avería.', 1, 80847699),
(85583526, 'En cuanto disminuya su intensidad luminosa.', 1, 53186459),
(85655428, 'El volumen de precipitación inicial se concentra en determinadas zonas formándose grandes charcos.', 0, 69365045),
(85656743, 'Sí, sobre todo si ha estado en zona de playa porque la arena y la sal pueden acelerar la aparición de puntos de corrosión en la carrocería.', 1, 85056149),
(85729605, 'No, en ningún caso.', 0, 51208485),
(85809981, 'Sí, en vías interurbanas o donde no exista poste SOS.', 0, 90133765),
(85814965, 'Cualquier autobús o camión que circule lentamente.', 0, 17934159),
(85815285, 'Que el carril derecho sólo puede ser utilizado por ciclos y ciclomotores.', 0, 69636174),
(85817643, 'Reducir la velocidad para facilitarle el retorno al carril.', 1, 48551317),
(86074483, 'La colisión frontal o fronto-lateral con otro vehículo.', 1, 24458658),
(86109696, 'Por la izquierda, aunque se invada parte del centro de la calzada.', 0, 69648587),
(86255070, 'Incorporándose al carril de forma gradual sin obstaculizar.', 1, 70856689),
(86289991, 'La calzada o el arcén de las vías interurbanas.', 1, 29637538),
(86301342, 'termina la recomendación de circular a más de 30 km/h.', 0, 32404728),
(86482367, 'Sí, porque el motor puede estar quemando aceite.', 0, 73783596),
(86536719, 'No pueda distinguirse la placa de matrícula de otro vehículo a 50 metros.', 0, 77115445),
(86579248, 'A horcajadas entre la persona que conduce y el manillar de dirección.', 0, 42900183),
(86763587, 'No está permitido que sobresalga la carga del vehículo.', 0, 96227067),
(86859471, 'Las reacciones pueden ser imprevisibles y, por tanto, peligrosas.', 1, 56038006),
(87063156, 'Debe respetar las normas de circulación, sobre todo en las intersecciones.', 1, 61770173),
(87357784, 'Porque se circula más rápido.', 0, 10158703),
(87446859, 'Sólo los conductores de vehículos.', 0, 39904676),
(87548103, 'No, cuando no llevan paleta de STOP.', 0, 37349228),
(87592011, 'El vehículo que tenga que dar marcha atrás mayor distancia.', 0, 35674851),
(87595230, 'Un bajo nivel del líquido de frenos.', 0, 50991139),
(87799792, 'Las reacciones pueden ser previsibles y, por tanto, controlables.', 0, 56038006),
(87825974, 'No, en ningún caso.', 0, 33514487),
(87901443, 'Solamente en caso de rotura.', 0, 53186459),
(87914915, 'Sí; mejora el agarre de los neumáticos, pero no es recomendable reducir la velocidad.', 0, 61336724),
(87960456, 'Tiempo de detención.', 0, 73178821),
(88009269, 'Ambos.', 0, 21445058),
(88022231, 'La proximidad de un tramo de vía con visibilidad reducida por niebla, lluvia o nieve.', 1, 45181914),
(88125899, 'Sí, cuando no haya señales que lo prohíban.', 0, 78097169),
(88154662, 'El agua se mezcla con la suciedad, aceite y otras materias que hay en el asfalto, creando una capa resbaladiza en la superficie de la carretera.', 1, 69365045),
(88280505, 'No, está siempre prohibido.', 0, 44953248),
(88305584, 'Sí, siempre.', 0, 71154770),
(88341195, 'No, en ningún caso', 0, 24620752),
(88451853, 'Utilizar el freno de motor, introduciendo marchas largas.', 0, 30077214),
(88497750, 'Que el vehículo tenga aire acondicionado.', 0, 44004427),
(88635728, 'Mayor que si no se utiliza.', 1, 86235214),
(88651327, '0,40 metros.', 0, 13641974),
(88767943, 'Sí, el sonido del teléfono, al igual que otro ruido, puede sorprender al conductor.', 1, 27559402),
(88811809, 'Porque frena mi vehículo y no me deja adelantar.', 0, 84247139),
(88953831, 'Más temeraria.', 1, 17441939),
(88994865, 'Un estacionamiento sin bajarse del vehículo.', 0, 93664822),
(89032890, 'No, debe circular por la calzada.', 1, 55319309),
(89090501, 'reservado para parada de autobús, no pudiendo parar otros vehículos.', 0, 89114769),
(89279111, 'Sí, pero esperaré a comunicarlo cuando me caduque la validez del permiso de conducción.', 0, 84933316),
(89387311, 'Después de salir del vehículo.', 0, 49707641),
(89391694, 'turismos con remolque', 0, 27099354),
(89615426, 'a bicicletas.', 1, 53664649),
(89697486, 'Circular de noche por una vía sin asfaltar.', 0, 55237291),
(89815349, 'A menor velocidad, menor campo visual.', 0, 71967050),
(89938108, 'Sí.', 1, 37167840),
(89993276, 'Sean impedidos y se desplacen en una silla de ruedas.', 1, 55768599),
(90000233, 'Solo si cruza por un paso para peatones.', 0, 81632084),
(90074660, 'Menor, para ver mejor a los vehículos que circulan delante.', 0, 47230331),
(90084697, 'Sí, pero sólo por tiempo inferior a dos minutos.', 0, 76346356),
(90175931, 'Daños materiales, costes sanitarios y administrativos.', 1, 29257340),
(90229858, 'No, por la contaminación acústica que produce.', 1, 14608782),
(90236622, 'no influye en la fatiga.', 0, 98459458),
(90519964, 'No realizar movimientos en el asiento, ni cambios de postura.', 0, 72071893),
(90531502, 'es más tranquilo y menos competitivo.', 0, 73738486),
(90611293, 'Del factor vehículo.', 0, 69824973),
(90684855, '90 metros.', 0, 69554793),
(90708913, 'Sí.', 1, 83179382),
(90767161, 'A pasar por el lado correspondiente al brazo con el que realiza la señal.', 0, 51777542),
(90915895, 'A los tres años de antigüedad.', 0, 74691498),
(90962427, 'El tomador del seguro.', 0, 97724269),
(90996717, 'Sí, siempre que el vehículo tenga ABS.', 0, 82602298),
(91076796, 'A los vehículos que tienen más de 3,5 metros de altura.', 1, 16724016),
(91114217, 'Fríos o calientes, es indiferente.', 0, 97592731),
(91216119, '90 km/h.', 0, 63689098),
(91235219, 'No, solamente cada 5 años como máximo.', 0, 52594952),
(91457287, 'Ceder el paso a los vehículos más rápidos, ciclistas y peatones.', 0, 45064596),
(91527570, 'Está permitida a ciclomotores.', 0, 37691974),
(91671627, 'Sí.', 0, 29165647),
(91737916, 'No, pero llamaré inmediatamente a los servicios policiales y de urgencia.', 0, 23451815),
(91741607, 'Sí, porque está autorizado a regular el paso de vehículos en el tramo de obras.', 1, 20405730),
(91769650, 'Sí, adaptando su conducción a las condiciones del medio.', 1, 78875868),
(91836875, 'Ser resistente a los golpes y a la abrasión en caso de caída.', 1, 25132294),
(91845703, 'Están permitidos todos los sistemas.', 0, 81818892),
(91894921, 'Solo cuando se utilicen en poblado.', 0, 22110018),
(91993210, 'Por la izquierda.', 1, 85393198),
(92012157, 'Indistintamente, por cualquiera de los dos lados.', 0, 75634825),
(92013746, 'Aumentar la velocidad para disminuir los efectos del impacto.', 0, 17136006),
(92057075, 'Sí. Debo comunicar la venta en el plazo de 10 días, indicando los datos del nuevo titular.', 1, 21149161),
(92080158, 'Vertical.', 0, 33902948),
(92104321, 'Más seguras.', 1, 39426874),
(92156362, 'No, si no está implicado debe continuar la marcha.', 1, 90133765),
(92297808, 'Reduciendo la velocidad por debajo de la máxima permitida.', 1, 33211932),
(92349113, 'no es recomendable, porque puede afectar a la atención en la conducción.', 1, 17130148),
(92404092, 'No varía.', 0, 98834073),
(92439728, 'indica la zona de la vía donde está prohibido parar y estacionar.', 1, 17680027),
(92580940, 'La posible falta de adherencia de los neumáticos al pavimento.', 1, 73826086),
(92588561, 'Conducir con suavidad, sin frenazos ni acelerones.', 1, 30847877),
(92661881, 'Sí, y me aseguraré de que no pongo en peligro a otros usuarios.', 1, 31272351),
(92672101, 'Circular un poco más deprisa que en verano con el fin de asegurarse de que el motor se mantiene caliente.', 0, 66904988),
(92680709, 'pierde eficacia y puede provocar lesiones durante el accidente.', 1, 99299713),
(92846473, 'La falta de mantenimiento del vehículo.', 0, 63870540),
(92941014, 'No, está prohibido.', 1, 80637741),
(92991666, 'Sí, para que, en caso de atropello, el peatón tenga más posibilidades de sobrevivir.', 1, 82570950),
(93071953, 'No, estos sistemas solo están disponibles para los turismos.', 0, 14170161),
(93081360, 'Con la luz de emergencia, si se dispone de ella y, en su caso, con la de posición.', 1, 39504708),
(93385432, 'Sí, es obligatorio para poder circular por las vías públicas.', 1, 85579070),
(93388803, '90 kilómetros por hora', 0, 12680351),
(93408287, 'A 120 km/h.', 1, 92793148),
(93430423, 'Sí, pero debo hacer la maniobra rápidamente.', 0, 41368596),
(93430583, 'Cuando la profundidad del dibujo sea menor de 3 mm.', 0, 95514214),
(93554916, 'Sí, por lo que se debe mantener una mayor distancia de seguridad ya que la distancia de frenado es mayor.', 1, 95157033),
(93708945, 'Salida a la derecha con bandas sonoras.', 0, 81908759),
(93799415, 'Para adelantar por la derecha.', 0, 25427483),
(94083051, 'Las de posición solamente.', 0, 48866873),
(94125312, 'Únicamente señalizando el desplazamiento lateral.', 0, 70856689),
(94136668, 'Modifica la dirección de los rayos luminosos provocando deslumbramientos.', 1, 95268094),
(94178252, 'Siempre el vehículo que tenga libre su derecha.', 0, 73205803),
(94259218, 'La parada.', 0, 21445058),
(94280365, 'Con una luz blanca, de noche o en condiciones que disminuyan sensiblemente la visibilidad.', 1, 89059799),
(94368655, 'No, salvo que se señalice el lugar para evitar el peligro para los peatones.', 0, 76931715),
(94509258, 'No, puede afectar a la eficacia del cinturón.', 1, 57333947),
(94614230, 'Cuando las condiciones meteorológicas o ambientales sean desfavorables.', 0, 23492953),
(94653960, 'Cuando se efectúe en una zona reservada a carga o descarga, fuera de las horas señaladas.', 0, 30406801),
(94682186, 'Cerca del ciclista.', 0, 89771408),
(94715981, '90 km/h', 1, 67208539),
(94847870, 'Que los viajeros bajen por la parte izquierda.', 0, 96498990),
(94885255, 'Cada año.', 0, 33452412),
(94989730, 'Sólo de noche.', 0, 73190603),
(94990965, 'Impulsividad.', 0, 73014706),
(95046773, 'Hacer parada y estacionar.', 0, 51187927),
(95117748, 'Sí, porque el vehículo está averiado.', 1, 24026273),
(95200539, 'Ninguno.', 0, 56676900),
(95356825, '80 kilómetros por hora', 1, 12680351),
(95502614, 'tienen el mismo significado que las usadas en tramos sin obras.', 1, 84620518),
(95712608, 'No, puesto que puedo provocar otro accidente.', 0, 23451815),
(95892882, 'las compañías aseguradoras en exclusiva.', 0, 56957898),
(95906866, 'Prohíbe hacer parada solamente.', 0, 20458717),
(95947349, 'Sí, en las vías urbanas, por un tiempo inferior a dos minutos.', 0, 14091749),
(95950516, 'Nada, no son señales de circulación.', 0, 85764101),
(95979519, 'No influye; la eficacia del frenado depende solamente del estado de la calzada.', 0, 52843860),
(96191466, 'hacerles señales acústicas para que se aparten.', 0, 43352977),
(96381814, 'No, está prohibido.', 1, 55239044),
(96599118, 'Observando si la goma está endurecida, en cuyo caso aparecerán chirridos, vibraciones y un funcionamiento defectuoso.', 1, 99873768),
(96631606, 'Sí, se debe utilizar en curvas cerradas.', 0, 82602298),
(96700010, 'Sólo si está implicado en un accidente o ha cometido alguna infracción.', 0, 83179382),
(96723790, 'Sí, y además conlleva pérdida de puntos.', 1, 85485174),
(96863705, 'Extendiendo el brazo izquierdo horizontalmente, con la palma de la mano hacia atrás.', 0, 98039450),
(96924096, 'No.', 1, 19701605),
(96949973, 'La misma que la de los elementos de seguridad activa.', 0, 35978961),
(96983810, 'No, si el vehículo dispone de todos los sistemas de seguridad más avanzados.', 0, 48804324),
(97026200, 'Provoca la corrosión del cristal disminuyendo la estanqueidad.', 0, 95268094),
(97210092, 'Cuando conduzca por una calzada con más de dos carriles.', 0, 94990464),
(97214884, 'Sí, afectan a la visión haciendo difícil distinguir los vehículos sobre el pavimento.', 1, 12185071),
(97217397, 'Sólo debe respetar las normas que regulan las intersecciones.', 0, 61770173),
(97282780, 'Cuando se efectúe en doble fila sin conductor.', 1, 30406801),
(97286604, 'Dentro de la intersección.', 0, 15289003),
(97378456, 'No, solamente cuando nieve de forma copiosa.', 0, 91151804),
(97398214, 'La tracción total.', 0, 39907719),
(97592175, 'Sí.', 1, 52227928),
(97596540, 'Con el vehículo parado en calzada recta.', 1, 58107789),
(97669240, 'A los vehículos que entran por la izquierda.', 0, 11495949),
(97692828, 'Sí, pero únicamente los no ligeros.', 0, 92264258),
(97705129, 'Sí, con la señal de emergencia del vehículo, los triángulos de preseñalización de peligro y, en su caso, con las luces de posición.', 1, 70312160),
(97719426, 'Antes de entrar en la intersección.', 1, 15289003),
(97887609, 'Sí, tanto en vías urbanas como interurbanas.', 0, 84774577),
(97937163, 'Los huesos de la cadera', 1, 97763805),
(98100430, 'Está prohibido.', 0, 68935851),
(98107748, 'Vía obligatoria para vehículos con altura igual o mayor a 3,5 metros.', 0, 46110247),
(98204065, 'La vía no permita ver con claridad.', 0, 77115445),
(98227762, '90 km/h', 0, 38139815),
(98299916, 'Es indiferente.', 0, 49707641),
(98494067, 'Apagar todas las luces si el túnel está iluminado y solicitar auxilio a través del teléfono móvil', 0, 55960706),
(98610055, 'Únicamente con la luz de emergencia.', 0, 39504708),
(98730595, 'No, porque no es un agente de circulación.', 0, 90504684),
(98766263, 'Mejoran la iluminación de la vía y reducen la fatiga ocular del conductor.', 1, 44359954),
(98832051, 'Que puedo tomar la dirección que indica la flecha, con precaución y dejando pasar a los vehículos que circulen por el carril al que me incorporo.', 1, 88421704),
(98848809, 'Se limita a primeras horas de la mañana.', 0, 37691974),
(98859576, 'No, sólo se pueden causar accidentes circulando por encima de ese límite.', 0, 33074244),
(98905955, 'Fríos.', 1, 97592731),
(99240050, 'No hay limitación de kilómetros porque se trata de una situación excepcional.', 0, 76422729),
(99505794, 'está prohibido.', 0, 17130148),
(99637576, 'Estacionar.', 1, 43520096),
(99691616, 'Sí, pero el ancho total tiene que ser menor de 2,5 metros', 0, 56286381),
(99702427, 'cada 3 horas o cada 400 kilómetros.', 0, 98220085),
(99744741, 'A los dos años de antigüedad.', 0, 74691498),
(99750640, 'Sí, pero únicamente si es para circular por vías interurbanas.', 0, 85579070),
(99921765, 'muchas curvas.', 0, 66092778),
(99952448, 'Los sistemas con auriculares.', 0, 81818892),
(99961357, 'Sí, incrementan los niveles de atención.', 0, 33042609);

-- --------------------------------------------------------

--
-- Estructura de tabla para la tabla `test`
--

CREATE TABLE `test` (
  `id` int(11) NOT NULL,
  `nombre` varchar(25) CHARACTER SET utf8 NOT NULL,
  `categoria` varchar(25) CHARACTER SET utf8 NOT NULL
) ENGINE=InnoDB DEFAULT CHARSET=utf8 COLLATE=utf8_spanish_ci;

--
-- Volcado de datos para la tabla `test`
--

INSERT INTO `test` (`id`, `nombre`, `categoria`) VALUES
(0, '0', '0'),
(1, 'Test1', '0'),
(2, 'Test2', '0'),
(3, 'Test3', '0'),
(4, 'Test4', '0'),
(5, 'Test5', '0'),
(6, 'Test6', '0'),
(7, 'Test7', '0'),
(8, 'Test8', '0'),
(9, 'Test9', '0'),
(10, 'Test10', '0'),
(11, 'Test11', '0'),
(12, 'Test12', '0'),
(13, 'Test13', '0'),
(14, 'Test14', '0'),
(15, 'Test15', '0'),
(16, 'Test16', '0'),
(17, 'Test17', '0'),
(18, 'Test18', '0'),
(19, 'Test19', '0'),
(20, 'Test20', '0'),
(21, 'Test21', '0'),
(22, 'Test22', '0'),
(23, 'Test23', '0'),
(24, 'Test24', '0'),
(25, 'Test25', '0'),
(26, 'Test26', '0'),
(27, 'Test27', '0'),
(28, 'Test28', '0'),
(29, 'Test29', '0'),
(30, 'Test30', '0'),
(31, 'Test31', '0'),
(32, 'Test32', '0'),
(33, 'Test33', '0'),
(34, 'Test34', '0'),
(35, 'Test35', '0'),
(36, 'Test36', '0'),
(37, 'Test37', '0'),
(38, 'Test38', '0'),
(39, 'Test39', '0'),
(40, 'Test40', '0'),
(41, 'Test41', '0'),
(42, 'Test42', '0'),
(43, 'Test43', '0'),
(44, 'Test44', '0'),
(45, 'Test45', '0'),
(46, 'Test46', '0'),
(47, 'Test47', '0'),
(48, 'Test48', '0'),
(49, 'Test49', '0'),
(50, 'Test50', '0'),
(51, 'Test51', '0'),
(52, 'Test52', '0'),
(53, 'Test53', '0'),
(54, 'Test54', '0'),
(55, 'Test55', '0'),
(56, 'Test56', '0'),
(57, 'Test57', '0'),
(58, 'Test58', '0'),
(59, 'Test59', '0'),
(60, 'Test60', '0'),
(61, 'Test61', '0'),
(62, 'Test62', '0'),
(63, 'Test63', '0'),
(64, 'Test64', '0'),
(65, 'Test65', '0'),
(66, 'Test66', '0'),
(67, 'Test67', '0'),
(68, 'Test68', '0'),
(69, 'Test69', '0'),
(70, 'Test70', '0'),
(71, 'Test71', '0'),
(72, 'Test72', '0'),
(73, 'Test73', '0'),
(74, 'Test74', '0'),
(75, 'Test75', '0'),
(76, 'Test76', '0'),
(77, 'Test77', '0'),
(78, 'Test78', '0'),
(79, 'Test79', '0'),
(80, 'Test80', '0'),
(81, 'Test81', '0'),
(82, 'Test82', '0'),
(83, 'Test83', '0'),
(84, 'Test84', '0'),
(85, 'Test85', '0'),
(86, 'Test86', '0'),
(87, 'Test87', '0'),
(88, 'Test88', '0'),
(89, 'Test89', '0'),
(90, 'Test90', '0'),
(91, 'Test91', '0'),
(92, 'Test92', '0'),
(93, 'Test93', '0'),
(94, 'Test94', '0'),
(95, 'Test95', '0'),
(96, 'Test96', '0'),
(97, 'Test97', '0'),
(98, 'Test98', '0'),
(99, 'Test99', '0'),
(100, 'Test100', '0');

-- --------------------------------------------------------

--
-- Estructura de tabla para la tabla `testxpregunta`
--

CREATE TABLE `testxpregunta` (
  `id` int(11) NOT NULL,
  `testid` int(11) NOT NULL,
  `preguntaid` int(11) NOT NULL
) ENGINE=InnoDB DEFAULT CHARSET=utf8 COLLATE=utf8_spanish_ci;

--
-- Volcado de datos para la tabla `testxpregunta`
--

INSERT INTO `testxpregunta` (`id`, `testid`, `preguntaid`) VALUES
(9, 1, 15289003),
(29, 1, 17136006),
(19, 1, 22110018),
(18, 1, 24458658),
(17, 1, 27189466),
(12, 1, 31814464),
(25, 1, 33514487),
(16, 1, 35195178),
(3, 1, 36478119),
(23, 1, 49707641),
(24, 1, 49753956),
(20, 1, 51095055),
(30, 1, 52211883),
(8, 1, 52594952),
(10, 1, 56038006),
(2, 1, 61067777),
(7, 1, 61336724),
(22, 1, 61770173),
(27, 1, 68910974),
(4, 1, 69636174),
(11, 1, 73014706),
(26, 1, 73826086),
(1, 1, 86038836),
(14, 1, 86948200),
(21, 1, 89609893),
(28, 1, 89771408),
(13, 1, 93389467),
(5, 1, 95671136),
(15, 1, 97985041),
(6, 1, 98013077),
(39, 2, 15289003),
(59, 2, 17136006),
(49, 2, 22110018),
(48, 2, 24458658),
(47, 2, 27189466),
(42, 2, 31814464),
(55, 2, 33514487),
(46, 2, 35195178),
(33, 2, 36478119),
(53, 2, 49707641),
(54, 2, 49753956),
(50, 2, 51095055),
(60, 2, 52211883),
(38, 2, 52594952),
(40, 2, 56038006),
(32, 2, 61067777),
(37, 2, 61336724),
(52, 2, 61770173),
(57, 2, 68910974),
(34, 2, 69636174),
(41, 2, 73014706),
(56, 2, 73826086),
(31, 2, 86038836),
(44, 2, 86948200),
(51, 2, 89609893),
(58, 2, 89771408),
(43, 2, 93389467),
(35, 2, 95671136),
(45, 2, 97985041),
(36, 2, 98013077),
(69, 3, 15289003),
(89, 3, 17136006),
(79, 3, 22110018),
(78, 3, 24458658),
(77, 3, 27189466),
(72, 3, 31814464),
(85, 3, 33514487),
(76, 3, 35195178),
(63, 3, 36478119),
(83, 3, 49707641),
(84, 3, 49753956),
(80, 3, 51095055),
(90, 3, 52211883),
(68, 3, 52594952),
(70, 3, 56038006),
(62, 3, 61067777),
(67, 3, 61336724),
(82, 3, 61770173),
(87, 3, 68910974),
(64, 3, 69636174),
(71, 3, 73014706),
(86, 3, 73826086),
(61, 3, 86038836),
(74, 3, 86948200),
(81, 3, 89609893),
(88, 3, 89771408),
(73, 3, 93389467),
(65, 3, 95671136),
(75, 3, 97985041),
(66, 3, 98013077),
(99, 4, 15289003),
(119, 4, 17136006),
(109, 4, 22110018),
(108, 4, 24458658),
(107, 4, 27189466),
(102, 4, 31814464),
(115, 4, 33514487),
(106, 4, 35195178),
(93, 4, 36478119),
(113, 4, 49707641),
(114, 4, 49753956),
(110, 4, 51095055),
(120, 4, 52211883),
(98, 4, 52594952),
(100, 4, 56038006),
(92, 4, 61067777),
(97, 4, 61336724),
(112, 4, 61770173),
(117, 4, 68910974),
(94, 4, 69636174),
(101, 4, 73014706),
(116, 4, 73826086),
(91, 4, 86038836),
(104, 4, 86948200),
(111, 4, 89609893),
(118, 4, 89771408),
(103, 4, 93389467),
(95, 4, 95671136),
(105, 4, 97985041),
(96, 4, 98013077),
(129, 5, 15289003),
(149, 5, 17136006),
(139, 5, 22110018),
(138, 5, 24458658),
(137, 5, 27189466),
(132, 5, 31814464),
(145, 5, 33514487),
(136, 5, 35195178),
(123, 5, 36478119),
(143, 5, 49707641),
(144, 5, 49753956),
(140, 5, 51095055),
(150, 5, 52211883),
(128, 5, 52594952),
(130, 5, 56038006),
(122, 5, 61067777),
(127, 5, 61336724),
(142, 5, 61770173),
(147, 5, 68910974),
(124, 5, 69636174),
(131, 5, 73014706),
(146, 5, 73826086),
(121, 5, 86038836),
(134, 5, 86948200),
(141, 5, 89609893),
(148, 5, 89771408),
(133, 5, 93389467),
(125, 5, 95671136),
(135, 5, 97985041),
(126, 5, 98013077),
(159, 6, 15289003),
(179, 6, 17136006),
(169, 6, 22110018),
(168, 6, 24458658),
(167, 6, 27189466),
(162, 6, 31814464),
(175, 6, 33514487),
(166, 6, 35195178),
(153, 6, 36478119),
(173, 6, 49707641),
(174, 6, 49753956),
(170, 6, 51095055),
(180, 6, 52211883),
(158, 6, 52594952),
(160, 6, 56038006),
(152, 6, 61067777),
(157, 6, 61336724),
(172, 6, 61770173),
(177, 6, 68910974),
(154, 6, 69636174),
(161, 6, 73014706),
(176, 6, 73826086),
(151, 6, 86038836),
(164, 6, 86948200),
(171, 6, 89609893),
(178, 6, 89771408),
(163, 6, 93389467),
(155, 6, 95671136),
(165, 6, 97985041),
(156, 6, 98013077),
(189, 7, 15289003),
(209, 7, 17136006),
(199, 7, 22110018),
(198, 7, 24458658),
(197, 7, 27189466),
(192, 7, 31814464),
(205, 7, 33514487),
(196, 7, 35195178),
(183, 7, 36478119),
(203, 7, 49707641),
(204, 7, 49753956),
(200, 7, 51095055),
(210, 7, 52211883),
(188, 7, 52594952),
(190, 7, 56038006),
(182, 7, 61067777),
(187, 7, 61336724),
(202, 7, 61770173),
(207, 7, 68910974),
(184, 7, 69636174),
(191, 7, 73014706),
(206, 7, 73826086),
(181, 7, 86038836),
(194, 7, 86948200),
(201, 7, 89609893),
(208, 7, 89771408),
(193, 7, 93389467),
(185, 7, 95671136),
(195, 7, 97985041),
(186, 7, 98013077),
(219, 8, 15289003),
(239, 8, 17136006),
(229, 8, 22110018),
(228, 8, 24458658),
(227, 8, 27189466),
(222, 8, 31814464),
(235, 8, 33514487),
(226, 8, 35195178),
(213, 8, 36478119),
(233, 8, 49707641),
(234, 8, 49753956),
(230, 8, 51095055),
(240, 8, 52211883),
(218, 8, 52594952),
(220, 8, 56038006),
(212, 8, 61067777),
(217, 8, 61336724),
(232, 8, 61770173),
(237, 8, 68910974),
(214, 8, 69636174),
(221, 8, 73014706),
(236, 8, 73826086),
(211, 8, 86038836),
(224, 8, 86948200),
(231, 8, 89609893),
(238, 8, 89771408),
(223, 8, 93389467),
(215, 8, 95671136),
(225, 8, 97985041),
(216, 8, 98013077),
(249, 9, 15289003),
(269, 9, 17136006),
(259, 9, 22110018),
(258, 9, 24458658),
(257, 9, 27189466),
(252, 9, 31814464),
(265, 9, 33514487),
(256, 9, 35195178),
(243, 9, 36478119),
(263, 9, 49707641),
(264, 9, 49753956),
(260, 9, 51095055),
(270, 9, 52211883),
(248, 9, 52594952),
(250, 9, 56038006),
(242, 9, 61067777),
(247, 9, 61336724),
(262, 9, 61770173),
(267, 9, 68910974),
(244, 9, 69636174),
(251, 9, 73014706),
(266, 9, 73826086),
(241, 9, 86038836),
(254, 9, 86948200),
(261, 9, 89609893),
(268, 9, 89771408),
(253, 9, 93389467),
(245, 9, 95671136),
(255, 9, 97985041),
(246, 9, 98013077),
(279, 10, 15289003),
(299, 10, 17136006),
(289, 10, 22110018),
(288, 10, 24458658),
(287, 10, 27189466),
(282, 10, 31814464),
(295, 10, 33514487),
(286, 10, 35195178),
(273, 10, 36478119),
(293, 10, 49707641),
(294, 10, 49753956),
(290, 10, 51095055),
(300, 10, 52211883),
(278, 10, 52594952),
(280, 10, 56038006),
(272, 10, 61067777),
(277, 10, 61336724),
(292, 10, 61770173),
(297, 10, 68910974),
(274, 10, 69636174),
(281, 10, 73014706),
(296, 10, 73826086),
(271, 10, 86038836),
(284, 10, 86948200),
(291, 10, 89609893),
(298, 10, 89771408),
(283, 10, 93389467),
(275, 10, 95671136),
(285, 10, 97985041),
(276, 10, 98013077),
(309, 11, 15289003),
(329, 11, 17136006),
(319, 11, 22110018),
(318, 11, 24458658),
(317, 11, 27189466),
(312, 11, 31814464),
(325, 11, 33514487),
(316, 11, 35195178),
(303, 11, 36478119),
(323, 11, 49707641),
(324, 11, 49753956),
(320, 11, 51095055),
(330, 11, 52211883),
(308, 11, 52594952),
(310, 11, 56038006),
(302, 11, 61067777),
(307, 11, 61336724),
(322, 11, 61770173),
(327, 11, 68910974),
(304, 11, 69636174),
(311, 11, 73014706),
(326, 11, 73826086),
(301, 11, 86038836),
(314, 11, 86948200),
(321, 11, 89609893),
(328, 11, 89771408),
(313, 11, 93389467),
(305, 11, 95671136),
(315, 11, 97985041),
(306, 11, 98013077),
(339, 12, 15289003),
(359, 12, 17136006),
(349, 12, 22110018),
(348, 12, 24458658),
(347, 12, 27189466),
(342, 12, 31814464),
(355, 12, 33514487),
(346, 12, 35195178),
(333, 12, 36478119),
(353, 12, 49707641),
(354, 12, 49753956),
(350, 12, 51095055),
(360, 12, 52211883),
(338, 12, 52594952),
(340, 12, 56038006),
(332, 12, 61067777),
(337, 12, 61336724),
(352, 12, 61770173),
(357, 12, 68910974),
(334, 12, 69636174),
(341, 12, 73014706),
(356, 12, 73826086),
(331, 12, 86038836),
(344, 12, 86948200),
(351, 12, 89609893),
(358, 12, 89771408),
(343, 12, 93389467),
(335, 12, 95671136),
(345, 12, 97985041),
(336, 12, 98013077),
(369, 13, 15289003),
(389, 13, 17136006),
(379, 13, 22110018),
(378, 13, 24458658),
(377, 13, 27189466),
(372, 13, 31814464),
(385, 13, 33514487),
(376, 13, 35195178),
(363, 13, 36478119),
(383, 13, 49707641),
(384, 13, 49753956),
(380, 13, 51095055),
(390, 13, 52211883),
(368, 13, 52594952),
(370, 13, 56038006),
(362, 13, 61067777),
(367, 13, 61336724),
(382, 13, 61770173),
(387, 13, 68910974),
(364, 13, 69636174),
(371, 13, 73014706),
(386, 13, 73826086),
(361, 13, 86038836),
(374, 13, 86948200),
(381, 13, 89609893),
(388, 13, 89771408),
(373, 13, 93389467),
(365, 13, 95671136),
(375, 13, 97985041),
(366, 13, 98013077),
(399, 14, 15289003),
(419, 14, 17136006),
(409, 14, 22110018),
(408, 14, 24458658),
(407, 14, 27189466),
(402, 14, 31814464),
(415, 14, 33514487),
(406, 14, 35195178),
(393, 14, 36478119),
(413, 14, 49707641),
(414, 14, 49753956),
(410, 14, 51095055),
(420, 14, 52211883),
(398, 14, 52594952),
(400, 14, 56038006),
(392, 14, 61067777),
(397, 14, 61336724),
(412, 14, 61770173),
(417, 14, 68910974),
(394, 14, 69636174),
(401, 14, 73014706),
(416, 14, 73826086),
(391, 14, 86038836),
(404, 14, 86948200),
(411, 14, 89609893),
(418, 14, 89771408),
(403, 14, 93389467),
(395, 14, 95671136),
(405, 14, 97985041),
(396, 14, 98013077),
(429, 15, 15289003),
(449, 15, 17136006),
(439, 15, 22110018),
(438, 15, 24458658),
(437, 15, 27189466),
(432, 15, 31814464),
(445, 15, 33514487),
(436, 15, 35195178),
(423, 15, 36478119),
(443, 15, 49707641),
(444, 15, 49753956),
(440, 15, 51095055),
(450, 15, 52211883),
(428, 15, 52594952),
(430, 15, 56038006),
(422, 15, 61067777),
(427, 15, 61336724),
(442, 15, 61770173),
(447, 15, 68910974),
(424, 15, 69636174),
(431, 15, 73014706),
(446, 15, 73826086),
(421, 15, 86038836),
(434, 15, 86948200),
(441, 15, 89609893),
(448, 15, 89771408),
(433, 15, 93389467),
(425, 15, 95671136),
(435, 15, 97985041),
(426, 15, 98013077),
(459, 16, 15289003),
(479, 16, 17136006),
(469, 16, 22110018),
(468, 16, 24458658),
(467, 16, 27189466),
(462, 16, 31814464),
(475, 16, 33514487),
(466, 16, 35195178),
(453, 16, 36478119),
(473, 16, 49707641),
(474, 16, 49753956),
(470, 16, 51095055),
(480, 16, 52211883),
(458, 16, 52594952),
(460, 16, 56038006),
(452, 16, 61067777),
(457, 16, 61336724),
(472, 16, 61770173),
(477, 16, 68910974),
(454, 16, 69636174),
(461, 16, 73014706),
(476, 16, 73826086),
(451, 16, 86038836),
(464, 16, 86948200),
(471, 16, 89609893),
(478, 16, 89771408),
(463, 16, 93389467),
(455, 16, 95671136),
(465, 16, 97985041),
(456, 16, 98013077),
(489, 17, 15289003),
(509, 17, 17136006),
(499, 17, 22110018),
(498, 17, 24458658),
(497, 17, 27189466),
(492, 17, 31814464),
(505, 17, 33514487),
(496, 17, 35195178),
(483, 17, 36478119),
(503, 17, 49707641),
(504, 17, 49753956),
(500, 17, 51095055),
(510, 17, 52211883),
(488, 17, 52594952),
(490, 17, 56038006),
(482, 17, 61067777),
(487, 17, 61336724),
(502, 17, 61770173),
(507, 17, 68910974),
(484, 17, 69636174),
(491, 17, 73014706),
(506, 17, 73826086),
(481, 17, 86038836),
(494, 17, 86948200),
(501, 17, 89609893),
(508, 17, 89771408),
(493, 17, 93389467),
(485, 17, 95671136),
(495, 17, 97985041),
(486, 17, 98013077),
(519, 18, 15289003),
(539, 18, 17136006),
(529, 18, 22110018),
(528, 18, 24458658),
(527, 18, 27189466),
(522, 18, 31814464),
(535, 18, 33514487),
(526, 18, 35195178),
(513, 18, 36478119),
(533, 18, 49707641),
(534, 18, 49753956),
(530, 18, 51095055),
(540, 18, 52211883),
(518, 18, 52594952),
(520, 18, 56038006),
(512, 18, 61067777),
(517, 18, 61336724),
(532, 18, 61770173),
(537, 18, 68910974),
(514, 18, 69636174),
(521, 18, 73014706),
(536, 18, 73826086),
(511, 18, 86038836),
(524, 18, 86948200),
(531, 18, 89609893),
(538, 18, 89771408),
(523, 18, 93389467),
(515, 18, 95671136),
(525, 18, 97985041),
(516, 18, 98013077),
(549, 19, 15289003),
(569, 19, 17136006),
(559, 19, 22110018),
(558, 19, 24458658),
(557, 19, 27189466),
(552, 19, 31814464),
(565, 19, 33514487),
(556, 19, 35195178),
(543, 19, 36478119),
(563, 19, 49707641),
(564, 19, 49753956),
(560, 19, 51095055),
(570, 19, 52211883),
(548, 19, 52594952),
(550, 19, 56038006),
(542, 19, 61067777),
(547, 19, 61336724),
(562, 19, 61770173),
(567, 19, 68910974),
(544, 19, 69636174),
(551, 19, 73014706),
(566, 19, 73826086),
(541, 19, 86038836),
(554, 19, 86948200),
(561, 19, 89609893),
(568, 19, 89771408),
(553, 19, 93389467),
(545, 19, 95671136),
(555, 19, 97985041),
(546, 19, 98013077),
(579, 20, 15289003),
(599, 20, 17136006),
(589, 20, 22110018),
(588, 20, 24458658),
(587, 20, 27189466),
(582, 20, 31814464),
(595, 20, 33514487),
(586, 20, 35195178),
(573, 20, 36478119),
(593, 20, 49707641),
(594, 20, 49753956),
(590, 20, 51095055),
(600, 20, 52211883),
(578, 20, 52594952),
(580, 20, 56038006),
(572, 20, 61067777),
(577, 20, 61336724),
(592, 20, 61770173),
(597, 20, 68910974),
(574, 20, 69636174),
(581, 20, 73014706),
(596, 20, 73826086),
(571, 20, 86038836),
(584, 20, 86948200),
(591, 20, 89609893),
(598, 20, 89771408),
(583, 20, 93389467),
(575, 20, 95671136),
(585, 20, 97985041),
(576, 20, 98013077),
(609, 21, 15289003),
(629, 21, 17136006),
(619, 21, 22110018),
(618, 21, 24458658),
(617, 21, 27189466),
(612, 21, 31814464),
(625, 21, 33514487),
(616, 21, 35195178),
(603, 21, 36478119),
(623, 21, 49707641),
(624, 21, 49753956),
(620, 21, 51095055),
(630, 21, 52211883),
(608, 21, 52594952),
(610, 21, 56038006),
(602, 21, 61067777),
(607, 21, 61336724),
(622, 21, 61770173),
(627, 21, 68910974),
(604, 21, 69636174),
(611, 21, 73014706),
(626, 21, 73826086),
(601, 21, 86038836),
(614, 21, 86948200),
(621, 21, 89609893),
(628, 21, 89771408),
(613, 21, 93389467),
(605, 21, 95671136),
(615, 21, 97985041),
(606, 21, 98013077),
(639, 22, 15289003),
(659, 22, 17136006),
(649, 22, 22110018),
(648, 22, 24458658),
(647, 22, 27189466),
(642, 22, 31814464),
(655, 22, 33514487),
(646, 22, 35195178),
(633, 22, 36478119),
(653, 22, 49707641),
(654, 22, 49753956),
(650, 22, 51095055),
(660, 22, 52211883),
(638, 22, 52594952),
(640, 22, 56038006),
(632, 22, 61067777),
(637, 22, 61336724),
(652, 22, 61770173),
(657, 22, 68910974),
(634, 22, 69636174),
(641, 22, 73014706),
(656, 22, 73826086),
(631, 22, 86038836),
(644, 22, 86948200),
(651, 22, 89609893),
(658, 22, 89771408),
(643, 22, 93389467),
(635, 22, 95671136),
(645, 22, 97985041),
(636, 22, 98013077),
(669, 23, 15289003),
(689, 23, 17136006),
(679, 23, 22110018),
(678, 23, 24458658),
(677, 23, 27189466),
(672, 23, 31814464),
(685, 23, 33514487),
(676, 23, 35195178),
(663, 23, 36478119),
(683, 23, 49707641),
(684, 23, 49753956),
(680, 23, 51095055),
(690, 23, 52211883),
(668, 23, 52594952),
(670, 23, 56038006),
(662, 23, 61067777),
(667, 23, 61336724),
(682, 23, 61770173),
(687, 23, 68910974),
(664, 23, 69636174),
(671, 23, 73014706),
(686, 23, 73826086),
(661, 23, 86038836),
(674, 23, 86948200),
(681, 23, 89609893),
(688, 23, 89771408),
(673, 23, 93389467),
(665, 23, 95671136),
(675, 23, 97985041),
(666, 23, 98013077),
(699, 24, 15289003),
(719, 24, 17136006),
(709, 24, 22110018),
(708, 24, 24458658),
(707, 24, 27189466),
(702, 24, 31814464),
(715, 24, 33514487),
(706, 24, 35195178),
(693, 24, 36478119),
(713, 24, 49707641),
(714, 24, 49753956),
(710, 24, 51095055),
(720, 24, 52211883),
(698, 24, 52594952),
(700, 24, 56038006),
(692, 24, 61067777),
(697, 24, 61336724),
(712, 24, 61770173),
(717, 24, 68910974),
(694, 24, 69636174),
(701, 24, 73014706),
(716, 24, 73826086),
(691, 24, 86038836),
(704, 24, 86948200),
(711, 24, 89609893),
(718, 24, 89771408),
(703, 24, 93389467),
(695, 24, 95671136),
(705, 24, 97985041),
(696, 24, 98013077),
(729, 25, 15289003),
(749, 25, 17136006),
(739, 25, 22110018),
(738, 25, 24458658),
(737, 25, 27189466),
(732, 25, 31814464),
(745, 25, 33514487),
(736, 25, 35195178),
(723, 25, 36478119),
(743, 25, 49707641),
(744, 25, 49753956),
(740, 25, 51095055),
(750, 25, 52211883),
(728, 25, 52594952),
(730, 25, 56038006),
(722, 25, 61067777),
(727, 25, 61336724),
(742, 25, 61770173),
(747, 25, 68910974),
(724, 25, 69636174),
(731, 25, 73014706),
(746, 25, 73826086),
(721, 25, 86038836),
(734, 25, 86948200),
(741, 25, 89609893),
(748, 25, 89771408),
(733, 25, 93389467),
(725, 25, 95671136),
(735, 25, 97985041),
(726, 25, 98013077),
(759, 26, 15289003),
(779, 26, 17136006),
(769, 26, 22110018),
(768, 26, 24458658),
(767, 26, 27189466),
(762, 26, 31814464),
(775, 26, 33514487),
(766, 26, 35195178),
(753, 26, 36478119),
(773, 26, 49707641),
(774, 26, 49753956),
(770, 26, 51095055),
(780, 26, 52211883),
(758, 26, 52594952),
(760, 26, 56038006),
(752, 26, 61067777),
(757, 26, 61336724),
(772, 26, 61770173),
(777, 26, 68910974),
(754, 26, 69636174),
(761, 26, 73014706),
(776, 26, 73826086),
(751, 26, 86038836),
(764, 26, 86948200),
(771, 26, 89609893),
(778, 26, 89771408),
(763, 26, 93389467),
(755, 26, 95671136),
(765, 26, 97985041),
(756, 26, 98013077),
(789, 27, 15289003),
(809, 27, 17136006),
(799, 27, 22110018),
(798, 27, 24458658),
(797, 27, 27189466),
(792, 27, 31814464),
(805, 27, 33514487),
(796, 27, 35195178),
(783, 27, 36478119),
(803, 27, 49707641),
(804, 27, 49753956),
(800, 27, 51095055),
(810, 27, 52211883),
(788, 27, 52594952),
(790, 27, 56038006),
(782, 27, 61067777),
(787, 27, 61336724),
(802, 27, 61770173),
(807, 27, 68910974),
(784, 27, 69636174),
(791, 27, 73014706),
(806, 27, 73826086),
(781, 27, 86038836),
(794, 27, 86948200),
(801, 27, 89609893),
(808, 27, 89771408),
(793, 27, 93389467),
(785, 27, 95671136),
(795, 27, 97985041),
(786, 27, 98013077),
(819, 28, 15289003),
(839, 28, 17136006),
(829, 28, 22110018),
(828, 28, 24458658),
(827, 28, 27189466),
(822, 28, 31814464),
(835, 28, 33514487),
(826, 28, 35195178),
(813, 28, 36478119),
(833, 28, 49707641),
(834, 28, 49753956),
(830, 28, 51095055),
(840, 28, 52211883),
(818, 28, 52594952),
(820, 28, 56038006),
(812, 28, 61067777),
(817, 28, 61336724),
(832, 28, 61770173),
(837, 28, 68910974),
(814, 28, 69636174),
(821, 28, 73014706),
(836, 28, 73826086),
(811, 28, 86038836),
(824, 28, 86948200),
(831, 28, 89609893),
(838, 28, 89771408),
(823, 28, 93389467),
(815, 28, 95671136),
(825, 28, 97985041),
(816, 28, 98013077),
(849, 29, 15289003),
(869, 29, 17136006),
(859, 29, 22110018),
(858, 29, 24458658),
(857, 29, 27189466),
(852, 29, 31814464),
(865, 29, 33514487),
(856, 29, 35195178),
(843, 29, 36478119),
(863, 29, 49707641),
(864, 29, 49753956),
(860, 29, 51095055),
(870, 29, 52211883),
(848, 29, 52594952),
(850, 29, 56038006),
(842, 29, 61067777),
(847, 29, 61336724),
(862, 29, 61770173),
(867, 29, 68910974),
(844, 29, 69636174),
(851, 29, 73014706),
(866, 29, 73826086),
(841, 29, 86038836),
(854, 29, 86948200),
(861, 29, 89609893),
(868, 29, 89771408),
(853, 29, 93389467),
(845, 29, 95671136),
(855, 29, 97985041),
(846, 29, 98013077),
(879, 30, 15289003),
(899, 30, 17136006),
(889, 30, 22110018),
(888, 30, 24458658),
(887, 30, 27189466),
(882, 30, 31814464),
(895, 30, 33514487),
(886, 30, 35195178),
(873, 30, 36478119),
(893, 30, 49707641),
(894, 30, 49753956),
(890, 30, 51095055),
(900, 30, 52211883),
(878, 30, 52594952),
(880, 30, 56038006),
(872, 30, 61067777),
(877, 30, 61336724),
(892, 30, 61770173),
(897, 30, 68910974),
(874, 30, 69636174),
(881, 30, 73014706),
(896, 30, 73826086),
(871, 30, 86038836),
(884, 30, 86948200),
(891, 30, 89609893),
(898, 30, 89771408),
(883, 30, 93389467),
(875, 30, 95671136),
(885, 30, 97985041),
(876, 30, 98013077),
(909, 31, 15289003),
(929, 31, 17136006),
(919, 31, 22110018),
(918, 31, 24458658),
(917, 31, 27189466),
(912, 31, 31814464),
(925, 31, 33514487),
(916, 31, 35195178),
(903, 31, 36478119),
(923, 31, 49707641),
(924, 31, 49753956),
(920, 31, 51095055),
(930, 31, 52211883),
(908, 31, 52594952),
(910, 31, 56038006),
(902, 31, 61067777),
(907, 31, 61336724),
(922, 31, 61770173),
(927, 31, 68910974),
(904, 31, 69636174),
(911, 31, 73014706),
(926, 31, 73826086),
(901, 31, 86038836),
(914, 31, 86948200),
(921, 31, 89609893),
(928, 31, 89771408),
(913, 31, 93389467),
(905, 31, 95671136),
(915, 31, 97985041),
(906, 31, 98013077),
(939, 32, 15289003),
(959, 32, 17136006),
(949, 32, 22110018),
(948, 32, 24458658),
(947, 32, 27189466),
(942, 32, 31814464),
(955, 32, 33514487),
(946, 32, 35195178),
(933, 32, 36478119),
(953, 32, 49707641),
(954, 32, 49753956),
(950, 32, 51095055),
(960, 32, 52211883),
(938, 32, 52594952),
(940, 32, 56038006),
(932, 32, 61067777),
(937, 32, 61336724),
(952, 32, 61770173),
(957, 32, 68910974),
(934, 32, 69636174),
(941, 32, 73014706),
(956, 32, 73826086),
(931, 32, 86038836),
(944, 32, 86948200),
(951, 32, 89609893),
(958, 32, 89771408),
(943, 32, 93389467),
(935, 32, 95671136),
(945, 32, 97985041),
(936, 32, 98013077),
(969, 33, 15289003),
(989, 33, 17136006),
(979, 33, 22110018),
(978, 33, 24458658),
(977, 33, 27189466),
(972, 33, 31814464),
(985, 33, 33514487),
(976, 33, 35195178),
(963, 33, 36478119),
(983, 33, 49707641),
(984, 33, 49753956),
(980, 33, 51095055),
(990, 33, 52211883),
(968, 33, 52594952),
(970, 33, 56038006),
(962, 33, 61067777),
(967, 33, 61336724),
(982, 33, 61770173),
(987, 33, 68910974),
(964, 33, 69636174),
(971, 33, 73014706),
(986, 33, 73826086),
(961, 33, 86038836),
(974, 33, 86948200),
(981, 33, 89609893),
(988, 33, 89771408),
(973, 33, 93389467),
(965, 33, 95671136),
(975, 33, 97985041),
(966, 33, 98013077),
(999, 34, 15289003),
(1019, 34, 17136006),
(1009, 34, 22110018),
(1008, 34, 24458658),
(1007, 34, 27189466),
(1002, 34, 31814464),
(1015, 34, 33514487),
(1006, 34, 35195178),
(993, 34, 36478119),
(1013, 34, 49707641),
(1014, 34, 49753956),
(1010, 34, 51095055),
(1020, 34, 52211883),
(998, 34, 52594952),
(1000, 34, 56038006),
(992, 34, 61067777),
(997, 34, 61336724),
(1012, 34, 61770173),
(1017, 34, 68910974),
(994, 34, 69636174),
(1001, 34, 73014706),
(1016, 34, 73826086),
(991, 34, 86038836),
(1004, 34, 86948200),
(1011, 34, 89609893),
(1018, 34, 89771408),
(1003, 34, 93389467),
(995, 34, 95671136),
(1005, 34, 97985041),
(996, 34, 98013077),
(1029, 35, 15289003),
(1049, 35, 17136006),
(1039, 35, 22110018),
(1038, 35, 24458658),
(1037, 35, 27189466),
(1032, 35, 31814464),
(1045, 35, 33514487),
(1036, 35, 35195178),
(1023, 35, 36478119),
(1043, 35, 49707641),
(1044, 35, 49753956),
(1040, 35, 51095055),
(1050, 35, 52211883),
(1028, 35, 52594952),
(1030, 35, 56038006),
(1022, 35, 61067777),
(1027, 35, 61336724),
(1042, 35, 61770173),
(1047, 35, 68910974),
(1024, 35, 69636174),
(1031, 35, 73014706),
(1046, 35, 73826086),
(1021, 35, 86038836),
(1034, 35, 86948200),
(1041, 35, 89609893),
(1048, 35, 89771408),
(1033, 35, 93389467),
(1025, 35, 95671136),
(1035, 35, 97985041),
(1026, 35, 98013077),
(1059, 36, 15289003),
(1079, 36, 17136006),
(1069, 36, 22110018),
(1068, 36, 24458658),
(1067, 36, 27189466),
(1062, 36, 31814464),
(1075, 36, 33514487),
(1066, 36, 35195178),
(1053, 36, 36478119),
(1073, 36, 49707641),
(1074, 36, 49753956),
(1070, 36, 51095055),
(1080, 36, 52211883),
(1058, 36, 52594952),
(1060, 36, 56038006),
(1052, 36, 61067777),
(1057, 36, 61336724),
(1072, 36, 61770173),
(1077, 36, 68910974),
(1054, 36, 69636174),
(1061, 36, 73014706),
(1076, 36, 73826086),
(1051, 36, 86038836),
(1064, 36, 86948200),
(1071, 36, 89609893),
(1078, 36, 89771408),
(1063, 36, 93389467),
(1055, 36, 95671136),
(1065, 36, 97985041),
(1056, 36, 98013077),
(1089, 37, 15289003),
(1109, 37, 17136006),
(1099, 37, 22110018),
(1098, 37, 24458658),
(1097, 37, 27189466),
(1092, 37, 31814464),
(1105, 37, 33514487),
(1096, 37, 35195178),
(1083, 37, 36478119),
(1103, 37, 49707641),
(1104, 37, 49753956),
(1100, 37, 51095055),
(1110, 37, 52211883),
(1088, 37, 52594952),
(1090, 37, 56038006),
(1082, 37, 61067777),
(1087, 37, 61336724),
(1102, 37, 61770173),
(1107, 37, 68910974),
(1084, 37, 69636174),
(1091, 37, 73014706),
(1106, 37, 73826086),
(1081, 37, 86038836),
(1094, 37, 86948200),
(1101, 37, 89609893),
(1108, 37, 89771408),
(1093, 37, 93389467),
(1085, 37, 95671136),
(1095, 37, 97985041),
(1086, 37, 98013077),
(1119, 38, 15289003),
(1139, 38, 17136006),
(1129, 38, 22110018),
(1128, 38, 24458658),
(1127, 38, 27189466),
(1122, 38, 31814464),
(1135, 38, 33514487),
(1126, 38, 35195178),
(1113, 38, 36478119),
(1133, 38, 49707641),
(1134, 38, 49753956),
(1130, 38, 51095055),
(1140, 38, 52211883),
(1118, 38, 52594952),
(1120, 38, 56038006),
(1112, 38, 61067777),
(1117, 38, 61336724),
(1132, 38, 61770173),
(1137, 38, 68910974),
(1114, 38, 69636174),
(1121, 38, 73014706),
(1136, 38, 73826086),
(1111, 38, 86038836),
(1124, 38, 86948200),
(1131, 38, 89609893),
(1138, 38, 89771408),
(1123, 38, 93389467),
(1115, 38, 95671136),
(1125, 38, 97985041),
(1116, 38, 98013077),
(1149, 39, 15289003),
(1169, 39, 17136006),
(1159, 39, 22110018),
(1158, 39, 24458658),
(1157, 39, 27189466),
(1152, 39, 31814464),
(1165, 39, 33514487),
(1156, 39, 35195178),
(1143, 39, 36478119),
(1163, 39, 49707641),
(1164, 39, 49753956),
(1160, 39, 51095055),
(1170, 39, 52211883),
(1148, 39, 52594952),
(1150, 39, 56038006),
(1142, 39, 61067777),
(1147, 39, 61336724),
(1162, 39, 61770173),
(1167, 39, 68910974),
(1144, 39, 69636174),
(1151, 39, 73014706),
(1166, 39, 73826086),
(1141, 39, 86038836),
(1154, 39, 86948200),
(1161, 39, 89609893),
(1168, 39, 89771408),
(1153, 39, 93389467),
(1145, 39, 95671136),
(1155, 39, 97985041),
(1146, 39, 98013077),
(1179, 40, 15289003),
(1199, 40, 17136006),
(1189, 40, 22110018),
(1188, 40, 24458658),
(1187, 40, 27189466),
(1182, 40, 31814464),
(1195, 40, 33514487),
(1186, 40, 35195178),
(1173, 40, 36478119),
(1193, 40, 49707641),
(1194, 40, 49753956),
(1190, 40, 51095055),
(1200, 40, 52211883),
(1178, 40, 52594952),
(1180, 40, 56038006),
(1172, 40, 61067777),
(1177, 40, 61336724),
(1192, 40, 61770173),
(1197, 40, 68910974),
(1174, 40, 69636174),
(1181, 40, 73014706),
(1196, 40, 73826086),
(1171, 40, 86038836),
(1184, 40, 86948200),
(1191, 40, 89609893),
(1198, 40, 89771408),
(1183, 40, 93389467),
(1175, 40, 95671136),
(1185, 40, 97985041),
(1176, 40, 98013077),
(1209, 41, 15289003),
(1229, 41, 17136006),
(1219, 41, 22110018),
(1218, 41, 24458658),
(1217, 41, 27189466),
(1212, 41, 31814464),
(1225, 41, 33514487),
(1216, 41, 35195178),
(1203, 41, 36478119),
(1223, 41, 49707641),
(1224, 41, 49753956),
(1220, 41, 51095055),
(1230, 41, 52211883),
(1208, 41, 52594952),
(1210, 41, 56038006),
(1202, 41, 61067777),
(1207, 41, 61336724),
(1222, 41, 61770173),
(1227, 41, 68910974),
(1204, 41, 69636174),
(1211, 41, 73014706),
(1226, 41, 73826086),
(1201, 41, 86038836),
(1214, 41, 86948200),
(1221, 41, 89609893),
(1228, 41, 89771408),
(1213, 41, 93389467),
(1205, 41, 95671136),
(1215, 41, 97985041),
(1206, 41, 98013077),
(1239, 42, 15289003),
(1259, 42, 17136006),
(1249, 42, 22110018),
(1248, 42, 24458658),
(1247, 42, 27189466),
(1242, 42, 31814464),
(1255, 42, 33514487),
(1246, 42, 35195178),
(1233, 42, 36478119),
(1253, 42, 49707641),
(1254, 42, 49753956),
(1250, 42, 51095055),
(1260, 42, 52211883),
(1238, 42, 52594952),
(1240, 42, 56038006),
(1232, 42, 61067777),
(1237, 42, 61336724),
(1252, 42, 61770173),
(1257, 42, 68910974),
(1234, 42, 69636174),
(1241, 42, 73014706),
(1256, 42, 73826086),
(1231, 42, 86038836),
(1244, 42, 86948200),
(1251, 42, 89609893),
(1258, 42, 89771408),
(1243, 42, 93389467),
(1235, 42, 95671136),
(1245, 42, 97985041),
(1236, 42, 98013077),
(1269, 43, 15289003),
(1289, 43, 17136006),
(1279, 43, 22110018),
(1278, 43, 24458658),
(1277, 43, 27189466),
(1272, 43, 31814464),
(1285, 43, 33514487),
(1276, 43, 35195178),
(1263, 43, 36478119),
(1283, 43, 49707641),
(1284, 43, 49753956),
(1280, 43, 51095055),
(1290, 43, 52211883),
(1268, 43, 52594952),
(1270, 43, 56038006),
(1262, 43, 61067777),
(1267, 43, 61336724),
(1282, 43, 61770173),
(1287, 43, 68910974),
(1264, 43, 69636174),
(1271, 43, 73014706),
(1286, 43, 73826086),
(1261, 43, 86038836),
(1274, 43, 86948200),
(1281, 43, 89609893),
(1288, 43, 89771408),
(1273, 43, 93389467),
(1265, 43, 95671136),
(1275, 43, 97985041),
(1266, 43, 98013077),
(1299, 44, 15289003),
(1319, 44, 17136006),
(1309, 44, 22110018),
(1308, 44, 24458658),
(1307, 44, 27189466),
(1302, 44, 31814464),
(1315, 44, 33514487),
(1306, 44, 35195178),
(1293, 44, 36478119),
(1313, 44, 49707641),
(1314, 44, 49753956),
(1310, 44, 51095055),
(1320, 44, 52211883),
(1298, 44, 52594952),
(1300, 44, 56038006),
(1292, 44, 61067777),
(1297, 44, 61336724),
(1312, 44, 61770173),
(1317, 44, 68910974),
(1294, 44, 69636174),
(1301, 44, 73014706),
(1316, 44, 73826086),
(1291, 44, 86038836),
(1304, 44, 86948200),
(1311, 44, 89609893),
(1318, 44, 89771408),
(1303, 44, 93389467),
(1295, 44, 95671136),
(1305, 44, 97985041),
(1296, 44, 98013077),
(1329, 45, 15289003),
(1349, 45, 17136006),
(1339, 45, 22110018),
(1338, 45, 24458658),
(1337, 45, 27189466),
(1332, 45, 31814464),
(1345, 45, 33514487),
(1336, 45, 35195178),
(1323, 45, 36478119),
(1343, 45, 49707641),
(1344, 45, 49753956),
(1340, 45, 51095055),
(1350, 45, 52211883),
(1328, 45, 52594952),
(1330, 45, 56038006),
(1322, 45, 61067777),
(1327, 45, 61336724),
(1342, 45, 61770173),
(1347, 45, 68910974),
(1324, 45, 69636174),
(1331, 45, 73014706),
(1346, 45, 73826086),
(1321, 45, 86038836),
(1334, 45, 86948200),
(1341, 45, 89609893),
(1348, 45, 89771408),
(1333, 45, 93389467),
(1325, 45, 95671136),
(1335, 45, 97985041),
(1326, 45, 98013077),
(1359, 46, 15289003),
(1379, 46, 17136006),
(1369, 46, 22110018),
(1368, 46, 24458658),
(1367, 46, 27189466),
(1362, 46, 31814464),
(1375, 46, 33514487),
(1366, 46, 35195178),
(1353, 46, 36478119),
(1373, 46, 49707641),
(1374, 46, 49753956),
(1370, 46, 51095055),
(1380, 46, 52211883),
(1358, 46, 52594952),
(1360, 46, 56038006),
(1352, 46, 61067777),
(1357, 46, 61336724),
(1372, 46, 61770173),
(1377, 46, 68910974),
(1354, 46, 69636174),
(1361, 46, 73014706),
(1376, 46, 73826086),
(1351, 46, 86038836),
(1364, 46, 86948200),
(1371, 46, 89609893),
(1378, 46, 89771408),
(1363, 46, 93389467),
(1355, 46, 95671136),
(1365, 46, 97985041),
(1356, 46, 98013077),
(1389, 47, 15289003),
(1409, 47, 17136006),
(1399, 47, 22110018),
(1398, 47, 24458658),
(1397, 47, 27189466),
(1392, 47, 31814464),
(1405, 47, 33514487),
(1396, 47, 35195178),
(1383, 47, 36478119),
(1403, 47, 49707641),
(1404, 47, 49753956),
(1400, 47, 51095055),
(1410, 47, 52211883),
(1388, 47, 52594952),
(1390, 47, 56038006),
(1382, 47, 61067777),
(1387, 47, 61336724),
(1402, 47, 61770173),
(1407, 47, 68910974),
(1384, 47, 69636174),
(1391, 47, 73014706),
(1406, 47, 73826086),
(1381, 47, 86038836),
(1394, 47, 86948200),
(1401, 47, 89609893),
(1408, 47, 89771408),
(1393, 47, 93389467),
(1385, 47, 95671136),
(1395, 47, 97985041),
(1386, 47, 98013077),
(1419, 48, 15289003),
(1439, 48, 17136006),
(1429, 48, 22110018),
(1428, 48, 24458658),
(1427, 48, 27189466),
(1422, 48, 31814464),
(1435, 48, 33514487),
(1426, 48, 35195178),
(1413, 48, 36478119),
(1433, 48, 49707641),
(1434, 48, 49753956),
(1430, 48, 51095055),
(1440, 48, 52211883),
(1418, 48, 52594952),
(1420, 48, 56038006),
(1412, 48, 61067777),
(1417, 48, 61336724),
(1432, 48, 61770173),
(1437, 48, 68910974),
(1414, 48, 69636174),
(1421, 48, 73014706),
(1436, 48, 73826086),
(1411, 48, 86038836),
(1424, 48, 86948200),
(1431, 48, 89609893),
(1438, 48, 89771408),
(1423, 48, 93389467),
(1415, 48, 95671136),
(1425, 48, 97985041),
(1416, 48, 98013077),
(1449, 49, 15289003),
(1469, 49, 17136006),
(1459, 49, 22110018),
(1458, 49, 24458658),
(1457, 49, 27189466),
(1452, 49, 31814464),
(1465, 49, 33514487),
(1456, 49, 35195178),
(1443, 49, 36478119),
(1463, 49, 49707641),
(1464, 49, 49753956),
(1460, 49, 51095055),
(1470, 49, 52211883),
(1448, 49, 52594952),
(1450, 49, 56038006),
(1442, 49, 61067777),
(1447, 49, 61336724),
(1462, 49, 61770173),
(1467, 49, 68910974),
(1444, 49, 69636174),
(1451, 49, 73014706),
(1466, 49, 73826086),
(1441, 49, 86038836),
(1454, 49, 86948200),
(1461, 49, 89609893),
(1468, 49, 89771408),
(1453, 49, 93389467),
(1445, 49, 95671136),
(1455, 49, 97985041),
(1446, 49, 98013077),
(1482, 50, 14712941),
(1479, 50, 24524913),
(1475, 50, 27099354),
(1496, 50, 30406801),
(1495, 50, 30729314),
(1471, 50, 32739573),
(1481, 50, 36343086),
(1500, 50, 37691974),
(1486, 50, 37914858),
(1473, 50, 40333351),
(1476, 50, 42900183),
(1484, 50, 43191882),
(1477, 50, 43854573),
(1472, 50, 51777542),
(1497, 50, 55239044),
(1489, 50, 55960706),
(1498, 50, 61770173),
(1499, 50, 67553935),
(1474, 50, 68910974),
(1494, 50, 70312160),
(1491, 50, 71154770),
(1487, 50, 78946063),
(1488, 50, 86038836),
(1493, 50, 88421704),
(1480, 50, 89114769),
(1483, 50, 91987645),
(1478, 50, 92793148),
(1492, 50, 95213664),
(1490, 50, 95467398),
(1485, 50, 99428909),
(1512, 51, 14712941),
(1509, 51, 24524913),
(1505, 51, 27099354),
(1526, 51, 30406801),
(1525, 51, 30729314),
(1501, 51, 32739573),
(1511, 51, 36343086),
(1530, 51, 37691974),
(1516, 51, 37914858),
(1503, 51, 40333351),
(1506, 51, 42900183),
(1514, 51, 43191882),
(1507, 51, 43854573),
(1502, 51, 51777542),
(1527, 51, 55239044),
(1519, 51, 55960706),
(1528, 51, 61770173),
(1529, 51, 67553935),
(1504, 51, 68910974),
(1524, 51, 70312160),
(1521, 51, 71154770),
(1517, 51, 78946063),
(1518, 51, 86038836),
(1523, 51, 88421704),
(1510, 51, 89114769),
(1513, 51, 91987645),
(1508, 51, 92793148),
(1522, 51, 95213664),
(1520, 51, 95467398),
(1515, 51, 99428909),
(1542, 52, 14712941),
(1539, 52, 24524913),
(1535, 52, 27099354),
(1556, 52, 30406801),
(1555, 52, 30729314),
(1531, 52, 32739573),
(1541, 52, 36343086),
(1560, 52, 37691974),
(1546, 52, 37914858),
(1533, 52, 40333351),
(1536, 52, 42900183),
(1544, 52, 43191882),
(1537, 52, 43854573),
(1532, 52, 51777542),
(1557, 52, 55239044),
(1549, 52, 55960706),
(1558, 52, 61770173),
(1559, 52, 67553935),
(1534, 52, 68910974),
(1554, 52, 70312160),
(1551, 52, 71154770),
(1547, 52, 78946063),
(1548, 52, 86038836),
(1553, 52, 88421704),
(1540, 52, 89114769),
(1543, 52, 91987645),
(1538, 52, 92793148),
(1552, 52, 95213664),
(1550, 52, 95467398),
(1545, 52, 99428909),
(1572, 53, 14712941),
(1569, 53, 24524913),
(1565, 53, 27099354),
(1586, 53, 30406801),
(1585, 53, 30729314),
(1561, 53, 32739573),
(1571, 53, 36343086),
(1590, 53, 37691974),
(1576, 53, 37914858),
(1563, 53, 40333351),
(1566, 53, 42900183),
(1574, 53, 43191882),
(1567, 53, 43854573),
(1562, 53, 51777542),
(1587, 53, 55239044),
(1579, 53, 55960706),
(1588, 53, 61770173),
(1589, 53, 67553935),
(1564, 53, 68910974),
(1584, 53, 70312160),
(1581, 53, 71154770),
(1577, 53, 78946063),
(1578, 53, 86038836),
(1583, 53, 88421704),
(1570, 53, 89114769),
(1573, 53, 91987645),
(1568, 53, 92793148),
(1582, 53, 95213664),
(1580, 53, 95467398),
(1575, 53, 99428909),
(1602, 54, 14712941),
(1599, 54, 24524913),
(1595, 54, 27099354),
(1616, 54, 30406801),
(1615, 54, 30729314),
(1591, 54, 32739573),
(1601, 54, 36343086),
(1620, 54, 37691974),
(1606, 54, 37914858),
(1593, 54, 40333351),
(1596, 54, 42900183),
(1604, 54, 43191882),
(1597, 54, 43854573),
(1592, 54, 51777542),
(1617, 54, 55239044),
(1609, 54, 55960706),
(1618, 54, 61770173),
(1619, 54, 67553935),
(1594, 54, 68910974),
(1614, 54, 70312160),
(1611, 54, 71154770),
(1607, 54, 78946063),
(1608, 54, 86038836),
(1613, 54, 88421704),
(1600, 54, 89114769),
(1603, 54, 91987645),
(1598, 54, 92793148),
(1612, 54, 95213664),
(1610, 54, 95467398),
(1605, 54, 99428909),
(1632, 55, 14712941),
(1629, 55, 24524913),
(1625, 55, 27099354),
(1646, 55, 30406801),
(1645, 55, 30729314),
(1621, 55, 32739573),
(1631, 55, 36343086),
(1650, 55, 37691974),
(1636, 55, 37914858),
(1623, 55, 40333351),
(1626, 55, 42900183),
(1634, 55, 43191882),
(1627, 55, 43854573),
(1622, 55, 51777542),
(1647, 55, 55239044),
(1639, 55, 55960706),
(1648, 55, 61770173),
(1649, 55, 67553935),
(1624, 55, 68910974),
(1644, 55, 70312160),
(1641, 55, 71154770),
(1637, 55, 78946063),
(1638, 55, 86038836),
(1643, 55, 88421704),
(1630, 55, 89114769),
(1633, 55, 91987645),
(1628, 55, 92793148),
(1642, 55, 95213664),
(1640, 55, 95467398),
(1635, 55, 99428909),
(1662, 56, 14712941),
(1659, 56, 24524913),
(1655, 56, 27099354),
(1676, 56, 30406801),
(1675, 56, 30729314),
(1651, 56, 32739573),
(1661, 56, 36343086),
(1680, 56, 37691974),
(1666, 56, 37914858),
(1653, 56, 40333351),
(1656, 56, 42900183),
(1664, 56, 43191882),
(1657, 56, 43854573),
(1652, 56, 51777542),
(1677, 56, 55239044),
(1669, 56, 55960706),
(1678, 56, 61770173),
(1679, 56, 67553935),
(1654, 56, 68910974),
(1674, 56, 70312160),
(1671, 56, 71154770),
(1667, 56, 78946063),
(1668, 56, 86038836),
(1673, 56, 88421704),
(1660, 56, 89114769),
(1663, 56, 91987645),
(1658, 56, 92793148),
(1672, 56, 95213664),
(1670, 56, 95467398),
(1665, 56, 99428909),
(1692, 57, 14712941),
(1689, 57, 24524913),
(1685, 57, 27099354),
(1706, 57, 30406801),
(1705, 57, 30729314),
(1681, 57, 32739573),
(1691, 57, 36343086),
(1710, 57, 37691974),
(1696, 57, 37914858),
(1683, 57, 40333351),
(1686, 57, 42900183),
(1694, 57, 43191882),
(1687, 57, 43854573),
(1682, 57, 51777542),
(1707, 57, 55239044),
(1699, 57, 55960706),
(1708, 57, 61770173),
(1709, 57, 67553935),
(1684, 57, 68910974),
(1704, 57, 70312160),
(1701, 57, 71154770),
(1697, 57, 78946063),
(1698, 57, 86038836),
(1703, 57, 88421704),
(1690, 57, 89114769),
(1693, 57, 91987645),
(1688, 57, 92793148),
(1702, 57, 95213664),
(1700, 57, 95467398),
(1695, 57, 99428909),
(1722, 58, 14712941),
(1719, 58, 24524913),
(1715, 58, 27099354),
(1736, 58, 30406801),
(1735, 58, 30729314),
(1711, 58, 32739573),
(1721, 58, 36343086),
(1740, 58, 37691974),
(1726, 58, 37914858),
(1713, 58, 40333351),
(1716, 58, 42900183),
(1724, 58, 43191882),
(1717, 58, 43854573),
(1712, 58, 51777542),
(1737, 58, 55239044),
(1729, 58, 55960706),
(1738, 58, 61770173),
(1739, 58, 67553935),
(1714, 58, 68910974),
(1734, 58, 70312160),
(1731, 58, 71154770),
(1727, 58, 78946063),
(1728, 58, 86038836),
(1733, 58, 88421704),
(1720, 58, 89114769),
(1723, 58, 91987645),
(1718, 58, 92793148),
(1732, 58, 95213664),
(1730, 58, 95467398),
(1725, 58, 99428909),
(1752, 59, 14712941),
(1749, 59, 24524913),
(1745, 59, 27099354),
(1766, 59, 30406801),
(1765, 59, 30729314),
(1741, 59, 32739573),
(1751, 59, 36343086),
(1770, 59, 37691974),
(1756, 59, 37914858),
(1743, 59, 40333351),
(1746, 59, 42900183),
(1754, 59, 43191882),
(1747, 59, 43854573),
(1742, 59, 51777542),
(1767, 59, 55239044),
(1759, 59, 55960706),
(1768, 59, 61770173),
(1769, 59, 67553935),
(1744, 59, 68910974),
(1764, 59, 70312160),
(1761, 59, 71154770),
(1757, 59, 78946063),
(1758, 59, 86038836),
(1763, 59, 88421704),
(1750, 59, 89114769),
(1753, 59, 91987645),
(1748, 59, 92793148),
(1762, 59, 95213664),
(1760, 59, 95467398),
(1755, 59, 99428909),
(1782, 60, 14712941),
(1779, 60, 24524913),
(1775, 60, 27099354),
(1796, 60, 30406801),
(1795, 60, 30729314),
(1771, 60, 32739573),
(1781, 60, 36343086),
(1800, 60, 37691974),
(1786, 60, 37914858),
(1773, 60, 40333351),
(1776, 60, 42900183),
(1784, 60, 43191882),
(1777, 60, 43854573),
(1772, 60, 51777542),
(1797, 60, 55239044),
(1789, 60, 55960706),
(1798, 60, 61770173),
(1799, 60, 67553935),
(1774, 60, 68910974),
(1794, 60, 70312160),
(1791, 60, 71154770),
(1787, 60, 78946063),
(1788, 60, 86038836),
(1793, 60, 88421704),
(1780, 60, 89114769),
(1783, 60, 91987645),
(1778, 60, 92793148),
(1792, 60, 95213664),
(1790, 60, 95467398),
(1785, 60, 99428909),
(1812, 61, 14712941),
(1809, 61, 24524913),
(1805, 61, 27099354),
(1826, 61, 30406801),
(1825, 61, 30729314),
(1801, 61, 32739573),
(1811, 61, 36343086),
(1830, 61, 37691974),
(1816, 61, 37914858),
(1803, 61, 40333351),
(1806, 61, 42900183),
(1814, 61, 43191882),
(1807, 61, 43854573),
(1802, 61, 51777542),
(1827, 61, 55239044),
(1819, 61, 55960706),
(1828, 61, 61770173),
(1829, 61, 67553935),
(1804, 61, 68910974),
(1824, 61, 70312160),
(1821, 61, 71154770),
(1817, 61, 78946063),
(1818, 61, 86038836),
(1823, 61, 88421704),
(1810, 61, 89114769),
(1813, 61, 91987645),
(1808, 61, 92793148),
(1822, 61, 95213664),
(1820, 61, 95467398),
(1815, 61, 99428909),
(1842, 62, 14712941),
(1839, 62, 24524913),
(1835, 62, 27099354),
(1856, 62, 30406801),
(1855, 62, 30729314),
(1831, 62, 32739573),
(1841, 62, 36343086),
(1860, 62, 37691974),
(1846, 62, 37914858),
(1833, 62, 40333351),
(1836, 62, 42900183),
(1844, 62, 43191882),
(1837, 62, 43854573),
(1832, 62, 51777542),
(1857, 62, 55239044),
(1849, 62, 55960706),
(1858, 62, 61770173),
(1859, 62, 67553935),
(1834, 62, 68910974),
(1854, 62, 70312160),
(1851, 62, 71154770),
(1847, 62, 78946063),
(1848, 62, 86038836),
(1853, 62, 88421704),
(1840, 62, 89114769),
(1843, 62, 91987645),
(1838, 62, 92793148),
(1852, 62, 95213664),
(1850, 62, 95467398),
(1845, 62, 99428909),
(1872, 63, 14712941),
(1869, 63, 24524913),
(1865, 63, 27099354),
(1886, 63, 30406801),
(1885, 63, 30729314),
(1861, 63, 32739573),
(1871, 63, 36343086),
(1890, 63, 37691974),
(1876, 63, 37914858),
(1863, 63, 40333351),
(1866, 63, 42900183),
(1874, 63, 43191882),
(1867, 63, 43854573),
(1862, 63, 51777542),
(1887, 63, 55239044),
(1879, 63, 55960706),
(1888, 63, 61770173),
(1889, 63, 67553935),
(1864, 63, 68910974),
(1884, 63, 70312160),
(1881, 63, 71154770),
(1877, 63, 78946063),
(1878, 63, 86038836),
(1883, 63, 88421704),
(1870, 63, 89114769),
(1873, 63, 91987645),
(1868, 63, 92793148),
(1882, 63, 95213664),
(1880, 63, 95467398),
(1875, 63, 99428909),
(1902, 64, 14712941),
(1899, 64, 24524913),
(1895, 64, 27099354),
(1916, 64, 30406801),
(1915, 64, 30729314),
(1891, 64, 32739573),
(1901, 64, 36343086),
(1920, 64, 37691974),
(1906, 64, 37914858),
(1893, 64, 40333351),
(1896, 64, 42900183),
(1904, 64, 43191882),
(1897, 64, 43854573),
(1892, 64, 51777542),
(1917, 64, 55239044),
(1909, 64, 55960706),
(1918, 64, 61770173),
(1919, 64, 67553935),
(1894, 64, 68910974),
(1914, 64, 70312160),
(1911, 64, 71154770),
(1907, 64, 78946063),
(1908, 64, 86038836),
(1913, 64, 88421704),
(1900, 64, 89114769),
(1903, 64, 91987645),
(1898, 64, 92793148),
(1912, 64, 95213664),
(1910, 64, 95467398),
(1905, 64, 99428909),
(1932, 65, 14712941),
(1929, 65, 24524913),
(1925, 65, 27099354),
(1946, 65, 30406801),
(1945, 65, 30729314),
(1921, 65, 32739573),
(1931, 65, 36343086),
(1950, 65, 37691974),
(1936, 65, 37914858),
(1923, 65, 40333351),
(1926, 65, 42900183),
(1934, 65, 43191882),
(1927, 65, 43854573),
(1922, 65, 51777542),
(1947, 65, 55239044),
(1939, 65, 55960706),
(1948, 65, 61770173),
(1949, 65, 67553935),
(1924, 65, 68910974),
(1944, 65, 70312160),
(1941, 65, 71154770),
(1937, 65, 78946063),
(1938, 65, 86038836),
(1943, 65, 88421704),
(1930, 65, 89114769),
(1933, 65, 91987645),
(1928, 65, 92793148),
(1942, 65, 95213664),
(1940, 65, 95467398),
(1935, 65, 99428909),
(1962, 66, 14712941),
(1959, 66, 24524913),
(1955, 66, 27099354),
(1976, 66, 30406801),
(1975, 66, 30729314),
(1951, 66, 32739573),
(1961, 66, 36343086),
(1980, 66, 37691974),
(1966, 66, 37914858),
(1953, 66, 40333351),
(1956, 66, 42900183),
(1964, 66, 43191882),
(1957, 66, 43854573),
(1952, 66, 51777542),
(1977, 66, 55239044),
(1969, 66, 55960706),
(1978, 66, 61770173),
(1979, 66, 67553935),
(1954, 66, 68910974),
(1974, 66, 70312160),
(1971, 66, 71154770),
(1967, 66, 78946063),
(1968, 66, 86038836),
(1973, 66, 88421704),
(1960, 66, 89114769),
(1963, 66, 91987645),
(1958, 66, 92793148),
(1972, 66, 95213664),
(1970, 66, 95467398),
(1965, 66, 99428909),
(1992, 67, 14712941),
(1989, 67, 24524913),
(1985, 67, 27099354),
(2006, 67, 30406801),
(2005, 67, 30729314),
(1981, 67, 32739573),
(1991, 67, 36343086),
(2010, 67, 37691974),
(1996, 67, 37914858),
(1983, 67, 40333351),
(1986, 67, 42900183),
(1994, 67, 43191882),
(1987, 67, 43854573),
(1982, 67, 51777542),
(2007, 67, 55239044),
(1999, 67, 55960706),
(2008, 67, 61770173),
(2009, 67, 67553935),
(1984, 67, 68910974),
(2004, 67, 70312160),
(2001, 67, 71154770),
(1997, 67, 78946063),
(1998, 67, 86038836),
(2003, 67, 88421704),
(1990, 67, 89114769),
(1993, 67, 91987645),
(1988, 67, 92793148),
(2002, 67, 95213664),
(2000, 67, 95467398),
(1995, 67, 99428909),
(2022, 68, 14712941),
(2019, 68, 24524913),
(2015, 68, 27099354),
(2036, 68, 30406801),
(2035, 68, 30729314),
(2011, 68, 32739573),
(2021, 68, 36343086),
(2040, 68, 37691974),
(2026, 68, 37914858),
(2013, 68, 40333351),
(2016, 68, 42900183),
(2024, 68, 43191882),
(2017, 68, 43854573),
(2012, 68, 51777542),
(2037, 68, 55239044),
(2029, 68, 55960706),
(2038, 68, 61770173),
(2039, 68, 67553935),
(2014, 68, 68910974),
(2034, 68, 70312160),
(2031, 68, 71154770),
(2027, 68, 78946063),
(2028, 68, 86038836),
(2033, 68, 88421704),
(2020, 68, 89114769),
(2023, 68, 91987645),
(2018, 68, 92793148),
(2032, 68, 95213664),
(2030, 68, 95467398),
(2025, 68, 99428909),
(2052, 69, 14712941),
(2049, 69, 24524913),
(2045, 69, 27099354),
(2066, 69, 30406801),
(2065, 69, 30729314),
(2041, 69, 32739573),
(2051, 69, 36343086),
(2070, 69, 37691974),
(2056, 69, 37914858),
(2043, 69, 40333351),
(2046, 69, 42900183),
(2054, 69, 43191882),
(2047, 69, 43854573),
(2042, 69, 51777542),
(2067, 69, 55239044),
(2059, 69, 55960706),
(2068, 69, 61770173),
(2069, 69, 67553935),
(2044, 69, 68910974),
(2064, 69, 70312160),
(2061, 69, 71154770),
(2057, 69, 78946063),
(2058, 69, 86038836),
(2063, 69, 88421704),
(2050, 69, 89114769),
(2053, 69, 91987645),
(2048, 69, 92793148),
(2062, 69, 95213664),
(2060, 69, 95467398),
(2055, 69, 99428909),
(2082, 70, 14712941),
(2079, 70, 24524913),
(2075, 70, 27099354),
(2096, 70, 30406801),
(2095, 70, 30729314),
(2071, 70, 32739573),
(2081, 70, 36343086),
(2100, 70, 37691974),
(2086, 70, 37914858),
(2073, 70, 40333351),
(2076, 70, 42900183),
(2084, 70, 43191882),
(2077, 70, 43854573),
(2072, 70, 51777542),
(2097, 70, 55239044),
(2089, 70, 55960706),
(2098, 70, 61770173),
(2099, 70, 67553935),
(2074, 70, 68910974),
(2094, 70, 70312160),
(2091, 70, 71154770),
(2087, 70, 78946063),
(2088, 70, 86038836),
(2093, 70, 88421704),
(2080, 70, 89114769),
(2083, 70, 91987645),
(2078, 70, 92793148),
(2092, 70, 95213664),
(2090, 70, 95467398),
(2085, 70, 99428909),
(2112, 71, 14712941),
(2109, 71, 24524913),
(2105, 71, 27099354),
(2126, 71, 30406801),
(2125, 71, 30729314),
(2101, 71, 32739573),
(2111, 71, 36343086),
(2130, 71, 37691974),
(2116, 71, 37914858),
(2103, 71, 40333351),
(2106, 71, 42900183),
(2114, 71, 43191882),
(2107, 71, 43854573),
(2102, 71, 51777542),
(2127, 71, 55239044),
(2119, 71, 55960706),
(2128, 71, 61770173),
(2129, 71, 67553935),
(2104, 71, 68910974),
(2124, 71, 70312160),
(2121, 71, 71154770),
(2117, 71, 78946063),
(2118, 71, 86038836),
(2123, 71, 88421704),
(2110, 71, 89114769),
(2113, 71, 91987645),
(2108, 71, 92793148),
(2122, 71, 95213664),
(2120, 71, 95467398),
(2115, 71, 99428909),
(2142, 72, 14712941),
(2139, 72, 24524913),
(2135, 72, 27099354),
(2156, 72, 30406801),
(2155, 72, 30729314),
(2131, 72, 32739573),
(2141, 72, 36343086),
(2160, 72, 37691974),
(2146, 72, 37914858),
(2133, 72, 40333351),
(2136, 72, 42900183),
(2144, 72, 43191882),
(2137, 72, 43854573),
(2132, 72, 51777542),
(2157, 72, 55239044),
(2149, 72, 55960706),
(2158, 72, 61770173),
(2159, 72, 67553935),
(2134, 72, 68910974),
(2154, 72, 70312160),
(2151, 72, 71154770),
(2147, 72, 78946063),
(2148, 72, 86038836),
(2153, 72, 88421704),
(2140, 72, 89114769),
(2143, 72, 91987645),
(2138, 72, 92793148),
(2152, 72, 95213664),
(2150, 72, 95467398),
(2145, 72, 99428909),
(2172, 73, 14712941),
(2169, 73, 24524913),
(2165, 73, 27099354),
(2186, 73, 30406801),
(2185, 73, 30729314),
(2161, 73, 32739573),
(2171, 73, 36343086),
(2190, 73, 37691974),
(2176, 73, 37914858),
(2163, 73, 40333351),
(2166, 73, 42900183),
(2174, 73, 43191882),
(2167, 73, 43854573),
(2162, 73, 51777542),
(2187, 73, 55239044),
(2179, 73, 55960706),
(2188, 73, 61770173),
(2189, 73, 67553935),
(2164, 73, 68910974),
(2184, 73, 70312160),
(2181, 73, 71154770),
(2177, 73, 78946063),
(2178, 73, 86038836),
(2183, 73, 88421704),
(2170, 73, 89114769),
(2173, 73, 91987645),
(2168, 73, 92793148),
(2182, 73, 95213664),
(2180, 73, 95467398),
(2175, 73, 99428909),
(2202, 74, 14712941),
(2199, 74, 24524913),
(2195, 74, 27099354),
(2216, 74, 30406801),
(2215, 74, 30729314),
(2191, 74, 32739573),
(2201, 74, 36343086),
(2220, 74, 37691974),
(2206, 74, 37914858),
(2193, 74, 40333351),
(2196, 74, 42900183),
(2204, 74, 43191882),
(2197, 74, 43854573),
(2192, 74, 51777542),
(2217, 74, 55239044),
(2209, 74, 55960706),
(2218, 74, 61770173),
(2219, 74, 67553935),
(2194, 74, 68910974),
(2214, 74, 70312160),
(2211, 74, 71154770),
(2207, 74, 78946063),
(2208, 74, 86038836),
(2213, 74, 88421704),
(2200, 74, 89114769),
(2203, 74, 91987645),
(2198, 74, 92793148),
(2212, 74, 95213664),
(2210, 74, 95467398),
(2205, 74, 99428909),
(2232, 75, 14712941),
(2229, 75, 24524913),
(2225, 75, 27099354),
(2246, 75, 30406801),
(2245, 75, 30729314),
(2221, 75, 32739573),
(2231, 75, 36343086),
(2250, 75, 37691974),
(2236, 75, 37914858),
(2223, 75, 40333351),
(2226, 75, 42900183),
(2234, 75, 43191882),
(2227, 75, 43854573),
(2222, 75, 51777542),
(2247, 75, 55239044),
(2239, 75, 55960706),
(2248, 75, 61770173),
(2249, 75, 67553935),
(2224, 75, 68910974),
(2244, 75, 70312160),
(2241, 75, 71154770),
(2237, 75, 78946063),
(2238, 75, 86038836),
(2243, 75, 88421704),
(2230, 75, 89114769),
(2233, 75, 91987645),
(2228, 75, 92793148),
(2242, 75, 95213664),
(2240, 75, 95467398),
(2235, 75, 99428909),
(2262, 76, 14712941),
(2259, 76, 24524913),
(2255, 76, 27099354),
(2276, 76, 30406801),
(2275, 76, 30729314),
(2251, 76, 32739573),
(2261, 76, 36343086),
(2280, 76, 37691974),
(2266, 76, 37914858),
(2253, 76, 40333351),
(2256, 76, 42900183),
(2264, 76, 43191882),
(2257, 76, 43854573),
(2252, 76, 51777542),
(2277, 76, 55239044),
(2269, 76, 55960706),
(2278, 76, 61770173),
(2279, 76, 67553935),
(2254, 76, 68910974),
(2274, 76, 70312160),
(2271, 76, 71154770),
(2267, 76, 78946063),
(2268, 76, 86038836),
(2273, 76, 88421704),
(2260, 76, 89114769),
(2263, 76, 91987645),
(2258, 76, 92793148),
(2272, 76, 95213664),
(2270, 76, 95467398),
(2265, 76, 99428909),
(2292, 77, 14712941),
(2289, 77, 24524913),
(2285, 77, 27099354),
(2306, 77, 30406801),
(2305, 77, 30729314),
(2281, 77, 32739573),
(2291, 77, 36343086),
(2310, 77, 37691974),
(2296, 77, 37914858),
(2283, 77, 40333351),
(2286, 77, 42900183),
(2294, 77, 43191882),
(2287, 77, 43854573),
(2282, 77, 51777542),
(2307, 77, 55239044),
(2299, 77, 55960706),
(2308, 77, 61770173),
(2309, 77, 67553935),
(2284, 77, 68910974),
(2304, 77, 70312160),
(2301, 77, 71154770),
(2297, 77, 78946063),
(2298, 77, 86038836),
(2303, 77, 88421704),
(2290, 77, 89114769),
(2293, 77, 91987645),
(2288, 77, 92793148),
(2302, 77, 95213664),
(2300, 77, 95467398),
(2295, 77, 99428909),
(2322, 78, 14712941),
(2319, 78, 24524913),
(2315, 78, 27099354),
(2336, 78, 30406801),
(2335, 78, 30729314),
(2311, 78, 32739573),
(2321, 78, 36343086),
(2340, 78, 37691974),
(2326, 78, 37914858),
(2313, 78, 40333351),
(2316, 78, 42900183),
(2324, 78, 43191882),
(2317, 78, 43854573),
(2312, 78, 51777542),
(2337, 78, 55239044),
(2329, 78, 55960706),
(2338, 78, 61770173),
(2339, 78, 67553935),
(2314, 78, 68910974),
(2334, 78, 70312160),
(2331, 78, 71154770),
(2327, 78, 78946063),
(2328, 78, 86038836),
(2333, 78, 88421704),
(2320, 78, 89114769),
(2323, 78, 91987645),
(2318, 78, 92793148),
(2332, 78, 95213664),
(2330, 78, 95467398),
(2325, 78, 99428909),
(2352, 79, 14712941),
(2349, 79, 24524913),
(2345, 79, 27099354),
(2366, 79, 30406801),
(2365, 79, 30729314),
(2341, 79, 32739573),
(2351, 79, 36343086),
(2370, 79, 37691974),
(2356, 79, 37914858),
(2343, 79, 40333351),
(2346, 79, 42900183),
(2354, 79, 43191882),
(2347, 79, 43854573),
(2342, 79, 51777542),
(2367, 79, 55239044),
(2359, 79, 55960706),
(2368, 79, 61770173),
(2369, 79, 67553935),
(2344, 79, 68910974),
(2364, 79, 70312160),
(2361, 79, 71154770),
(2357, 79, 78946063),
(2358, 79, 86038836),
(2363, 79, 88421704),
(2350, 79, 89114769),
(2353, 79, 91987645),
(2348, 79, 92793148),
(2362, 79, 95213664),
(2360, 79, 95467398),
(2355, 79, 99428909),
(2382, 80, 14712941),
(2379, 80, 24524913),
(2375, 80, 27099354),
(2396, 80, 30406801),
(2395, 80, 30729314),
(2371, 80, 32739573),
(2381, 80, 36343086),
(2400, 80, 37691974),
(2386, 80, 37914858),
(2373, 80, 40333351),
(2376, 80, 42900183),
(2384, 80, 43191882),
(2377, 80, 43854573),
(2372, 80, 51777542),
(2397, 80, 55239044),
(2389, 80, 55960706),
(2398, 80, 61770173),
(2399, 80, 67553935),
(2374, 80, 68910974),
(2394, 80, 70312160),
(2391, 80, 71154770),
(2387, 80, 78946063),
(2388, 80, 86038836),
(2393, 80, 88421704),
(2380, 80, 89114769),
(2383, 80, 91987645),
(2378, 80, 92793148),
(2392, 80, 95213664),
(2390, 80, 95467398),
(2385, 80, 99428909),
(2412, 81, 14712941),
(2409, 81, 24524913),
(2405, 81, 27099354),
(2426, 81, 30406801),
(2425, 81, 30729314),
(2401, 81, 32739573),
(2411, 81, 36343086),
(2430, 81, 37691974),
(2416, 81, 37914858),
(2403, 81, 40333351),
(2406, 81, 42900183),
(2414, 81, 43191882),
(2407, 81, 43854573),
(2402, 81, 51777542),
(2427, 81, 55239044),
(2419, 81, 55960706),
(2428, 81, 61770173),
(2429, 81, 67553935),
(2404, 81, 68910974),
(2424, 81, 70312160),
(2421, 81, 71154770),
(2417, 81, 78946063),
(2418, 81, 86038836),
(2423, 81, 88421704),
(2410, 81, 89114769),
(2413, 81, 91987645),
(2408, 81, 92793148),
(2422, 81, 95213664),
(2420, 81, 95467398),
(2415, 81, 99428909),
(2442, 82, 14712941),
(2439, 82, 24524913),
(2435, 82, 27099354),
(2456, 82, 30406801),
(2455, 82, 30729314),
(2431, 82, 32739573),
(2441, 82, 36343086),
(2460, 82, 37691974),
(2446, 82, 37914858),
(2433, 82, 40333351),
(2436, 82, 42900183),
(2444, 82, 43191882),
(2437, 82, 43854573),
(2432, 82, 51777542),
(2457, 82, 55239044),
(2449, 82, 55960706),
(2458, 82, 61770173),
(2459, 82, 67553935),
(2434, 82, 68910974),
(2454, 82, 70312160),
(2451, 82, 71154770),
(2447, 82, 78946063),
(2448, 82, 86038836),
(2453, 82, 88421704),
(2440, 82, 89114769),
(2443, 82, 91987645),
(2438, 82, 92793148),
(2452, 82, 95213664),
(2450, 82, 95467398),
(2445, 82, 99428909),
(2472, 83, 14712941),
(2469, 83, 24524913),
(2465, 83, 27099354),
(2486, 83, 30406801),
(2485, 83, 30729314),
(2461, 83, 32739573),
(2471, 83, 36343086),
(2490, 83, 37691974),
(2476, 83, 37914858),
(2463, 83, 40333351),
(2466, 83, 42900183),
(2474, 83, 43191882),
(2467, 83, 43854573),
(2462, 83, 51777542),
(2487, 83, 55239044),
(2479, 83, 55960706),
(2488, 83, 61770173),
(2489, 83, 67553935),
(2464, 83, 68910974),
(2484, 83, 70312160),
(2481, 83, 71154770),
(2477, 83, 78946063),
(2478, 83, 86038836),
(2483, 83, 88421704),
(2470, 83, 89114769),
(2473, 83, 91987645),
(2468, 83, 92793148),
(2482, 83, 95213664),
(2480, 83, 95467398),
(2475, 83, 99428909),
(2502, 84, 14712941),
(2499, 84, 24524913),
(2495, 84, 27099354),
(2516, 84, 30406801),
(2515, 84, 30729314),
(2491, 84, 32739573),
(2501, 84, 36343086),
(2520, 84, 37691974),
(2506, 84, 37914858),
(2493, 84, 40333351),
(2496, 84, 42900183),
(2504, 84, 43191882),
(2497, 84, 43854573),
(2492, 84, 51777542),
(2517, 84, 55239044),
(2509, 84, 55960706),
(2518, 84, 61770173),
(2519, 84, 67553935),
(2494, 84, 68910974),
(2514, 84, 70312160),
(2511, 84, 71154770),
(2507, 84, 78946063),
(2508, 84, 86038836),
(2513, 84, 88421704),
(2500, 84, 89114769),
(2503, 84, 91987645),
(2498, 84, 92793148),
(2512, 84, 95213664),
(2510, 84, 95467398),
(2505, 84, 99428909),
(2532, 85, 14712941),
(2529, 85, 24524913),
(2525, 85, 27099354),
(2546, 85, 30406801),
(2545, 85, 30729314),
(2521, 85, 32739573),
(2531, 85, 36343086),
(2550, 85, 37691974),
(2536, 85, 37914858),
(2523, 85, 40333351),
(2526, 85, 42900183),
(2534, 85, 43191882),
(2527, 85, 43854573),
(2522, 85, 51777542),
(2547, 85, 55239044),
(2539, 85, 55960706),
(2548, 85, 61770173),
(2549, 85, 67553935),
(2524, 85, 68910974),
(2544, 85, 70312160),
(2541, 85, 71154770),
(2537, 85, 78946063),
(2538, 85, 86038836),
(2543, 85, 88421704),
(2530, 85, 89114769),
(2533, 85, 91987645),
(2528, 85, 92793148),
(2542, 85, 95213664),
(2540, 85, 95467398),
(2535, 85, 99428909),
(2562, 86, 14712941),
(2559, 86, 24524913),
(2555, 86, 27099354),
(2576, 86, 30406801),
(2575, 86, 30729314),
(2551, 86, 32739573),
(2561, 86, 36343086),
(2580, 86, 37691974),
(2566, 86, 37914858),
(2553, 86, 40333351),
(2556, 86, 42900183),
(2564, 86, 43191882),
(2557, 86, 43854573),
(2552, 86, 51777542),
(2577, 86, 55239044);
INSERT INTO `testxpregunta` (`id`, `testid`, `preguntaid`) VALUES
(2569, 86, 55960706),
(2578, 86, 61770173),
(2579, 86, 67553935),
(2554, 86, 68910974),
(2574, 86, 70312160),
(2571, 86, 71154770),
(2567, 86, 78946063),
(2568, 86, 86038836),
(2573, 86, 88421704),
(2560, 86, 89114769),
(2563, 86, 91987645),
(2558, 86, 92793148),
(2572, 86, 95213664),
(2570, 86, 95467398),
(2565, 86, 99428909),
(2592, 87, 14712941),
(2589, 87, 24524913),
(2585, 87, 27099354),
(2606, 87, 30406801),
(2605, 87, 30729314),
(2581, 87, 32739573),
(2591, 87, 36343086),
(2610, 87, 37691974),
(2596, 87, 37914858),
(2583, 87, 40333351),
(2586, 87, 42900183),
(2594, 87, 43191882),
(2587, 87, 43854573),
(2582, 87, 51777542),
(2607, 87, 55239044),
(2599, 87, 55960706),
(2608, 87, 61770173),
(2609, 87, 67553935),
(2584, 87, 68910974),
(2604, 87, 70312160),
(2601, 87, 71154770),
(2597, 87, 78946063),
(2598, 87, 86038836),
(2603, 87, 88421704),
(2590, 87, 89114769),
(2593, 87, 91987645),
(2588, 87, 92793148),
(2602, 87, 95213664),
(2600, 87, 95467398),
(2595, 87, 99428909),
(2622, 88, 14712941),
(2619, 88, 24524913),
(2615, 88, 27099354),
(2636, 88, 30406801),
(2635, 88, 30729314),
(2611, 88, 32739573),
(2621, 88, 36343086),
(2640, 88, 37691974),
(2626, 88, 37914858),
(2613, 88, 40333351),
(2616, 88, 42900183),
(2624, 88, 43191882),
(2617, 88, 43854573),
(2612, 88, 51777542),
(2637, 88, 55239044),
(2629, 88, 55960706),
(2638, 88, 61770173),
(2639, 88, 67553935),
(2614, 88, 68910974),
(2634, 88, 70312160),
(2631, 88, 71154770),
(2627, 88, 78946063),
(2628, 88, 86038836),
(2633, 88, 88421704),
(2620, 88, 89114769),
(2623, 88, 91987645),
(2618, 88, 92793148),
(2632, 88, 95213664),
(2630, 88, 95467398),
(2625, 88, 99428909),
(2652, 89, 14712941),
(2649, 89, 24524913),
(2645, 89, 27099354),
(2666, 89, 30406801),
(2665, 89, 30729314),
(2641, 89, 32739573),
(2651, 89, 36343086),
(2670, 89, 37691974),
(2656, 89, 37914858),
(2643, 89, 40333351),
(2646, 89, 42900183),
(2654, 89, 43191882),
(2647, 89, 43854573),
(2642, 89, 51777542),
(2667, 89, 55239044),
(2659, 89, 55960706),
(2668, 89, 61770173),
(2669, 89, 67553935),
(2644, 89, 68910974),
(2664, 89, 70312160),
(2661, 89, 71154770),
(2657, 89, 78946063),
(2658, 89, 86038836),
(2663, 89, 88421704),
(2650, 89, 89114769),
(2653, 89, 91987645),
(2648, 89, 92793148),
(2662, 89, 95213664),
(2660, 89, 95467398),
(2655, 89, 99428909),
(2682, 90, 14712941),
(2679, 90, 24524913),
(2675, 90, 27099354),
(2696, 90, 30406801),
(2695, 90, 30729314),
(2671, 90, 32739573),
(2681, 90, 36343086),
(2700, 90, 37691974),
(2686, 90, 37914858),
(2673, 90, 40333351),
(2676, 90, 42900183),
(2684, 90, 43191882),
(2677, 90, 43854573),
(2672, 90, 51777542),
(2697, 90, 55239044),
(2689, 90, 55960706),
(2698, 90, 61770173),
(2699, 90, 67553935),
(2674, 90, 68910974),
(2694, 90, 70312160),
(2691, 90, 71154770),
(2687, 90, 78946063),
(2688, 90, 86038836),
(2693, 90, 88421704),
(2680, 90, 89114769),
(2683, 90, 91987645),
(2678, 90, 92793148),
(2692, 90, 95213664),
(2690, 90, 95467398),
(2685, 90, 99428909),
(2712, 91, 14712941),
(2709, 91, 24524913),
(2705, 91, 27099354),
(2726, 91, 30406801),
(2725, 91, 30729314),
(2701, 91, 32739573),
(2711, 91, 36343086),
(2730, 91, 37691974),
(2716, 91, 37914858),
(2703, 91, 40333351),
(2706, 91, 42900183),
(2714, 91, 43191882),
(2707, 91, 43854573),
(2702, 91, 51777542),
(2727, 91, 55239044),
(2719, 91, 55960706),
(2728, 91, 61770173),
(2729, 91, 67553935),
(2704, 91, 68910974),
(2724, 91, 70312160),
(2721, 91, 71154770),
(2717, 91, 78946063),
(2718, 91, 86038836),
(2723, 91, 88421704),
(2710, 91, 89114769),
(2713, 91, 91987645),
(2708, 91, 92793148),
(2722, 91, 95213664),
(2720, 91, 95467398),
(2715, 91, 99428909),
(2742, 92, 14712941),
(2739, 92, 24524913),
(2735, 92, 27099354),
(2756, 92, 30406801),
(2755, 92, 30729314),
(2731, 92, 32739573),
(2741, 92, 36343086),
(2760, 92, 37691974),
(2746, 92, 37914858),
(2733, 92, 40333351),
(2736, 92, 42900183),
(2744, 92, 43191882),
(2737, 92, 43854573),
(2732, 92, 51777542),
(2757, 92, 55239044),
(2749, 92, 55960706),
(2758, 92, 61770173),
(2759, 92, 67553935),
(2734, 92, 68910974),
(2754, 92, 70312160),
(2751, 92, 71154770),
(2747, 92, 78946063),
(2748, 92, 86038836),
(2753, 92, 88421704),
(2740, 92, 89114769),
(2743, 92, 91987645),
(2738, 92, 92793148),
(2752, 92, 95213664),
(2750, 92, 95467398),
(2745, 92, 99428909),
(2772, 93, 14712941),
(2769, 93, 24524913),
(2765, 93, 27099354),
(2786, 93, 30406801),
(2785, 93, 30729314),
(2761, 93, 32739573),
(2771, 93, 36343086),
(2790, 93, 37691974),
(2776, 93, 37914858),
(2763, 93, 40333351),
(2766, 93, 42900183),
(2774, 93, 43191882),
(2767, 93, 43854573),
(2762, 93, 51777542),
(2787, 93, 55239044),
(2779, 93, 55960706),
(2788, 93, 61770173),
(2789, 93, 67553935),
(2764, 93, 68910974),
(2784, 93, 70312160),
(2781, 93, 71154770),
(2777, 93, 78946063),
(2778, 93, 86038836),
(2783, 93, 88421704),
(2770, 93, 89114769),
(2773, 93, 91987645),
(2768, 93, 92793148),
(2782, 93, 95213664),
(2780, 93, 95467398),
(2775, 93, 99428909),
(2802, 94, 14712941),
(2799, 94, 24524913),
(2795, 94, 27099354),
(2816, 94, 30406801),
(2815, 94, 30729314),
(2791, 94, 32739573),
(2801, 94, 36343086),
(2820, 94, 37691974),
(2806, 94, 37914858),
(2793, 94, 40333351),
(2796, 94, 42900183),
(2804, 94, 43191882),
(2797, 94, 43854573),
(2792, 94, 51777542),
(2817, 94, 55239044),
(2809, 94, 55960706),
(2818, 94, 61770173),
(2819, 94, 67553935),
(2794, 94, 68910974),
(2814, 94, 70312160),
(2811, 94, 71154770),
(2807, 94, 78946063),
(2808, 94, 86038836),
(2813, 94, 88421704),
(2800, 94, 89114769),
(2803, 94, 91987645),
(2798, 94, 92793148),
(2812, 94, 95213664),
(2810, 94, 95467398),
(2805, 94, 99428909),
(2832, 95, 14712941),
(2829, 95, 24524913),
(2825, 95, 27099354),
(2846, 95, 30406801),
(2845, 95, 30729314),
(2821, 95, 32739573),
(2831, 95, 36343086),
(2850, 95, 37691974),
(2836, 95, 37914858),
(2823, 95, 40333351),
(2826, 95, 42900183),
(2834, 95, 43191882),
(2827, 95, 43854573),
(2822, 95, 51777542),
(2847, 95, 55239044),
(2839, 95, 55960706),
(2848, 95, 61770173),
(2849, 95, 67553935),
(2824, 95, 68910974),
(2844, 95, 70312160),
(2841, 95, 71154770),
(2837, 95, 78946063),
(2838, 95, 86038836),
(2843, 95, 88421704),
(2830, 95, 89114769),
(2833, 95, 91987645),
(2828, 95, 92793148),
(2842, 95, 95213664),
(2840, 95, 95467398),
(2835, 95, 99428909),
(2862, 96, 14712941),
(2859, 96, 24524913),
(2855, 96, 27099354),
(2876, 96, 30406801),
(2875, 96, 30729314),
(2851, 96, 32739573),
(2861, 96, 36343086),
(2880, 96, 37691974),
(2866, 96, 37914858),
(2853, 96, 40333351),
(2856, 96, 42900183),
(2864, 96, 43191882),
(2857, 96, 43854573),
(2852, 96, 51777542),
(2877, 96, 55239044),
(2869, 96, 55960706),
(2878, 96, 61770173),
(2879, 96, 67553935),
(2854, 96, 68910974),
(2874, 96, 70312160),
(2871, 96, 71154770),
(2867, 96, 78946063),
(2868, 96, 86038836),
(2873, 96, 88421704),
(2860, 96, 89114769),
(2863, 96, 91987645),
(2858, 96, 92793148),
(2872, 96, 95213664),
(2870, 96, 95467398),
(2865, 96, 99428909),
(2892, 97, 14712941),
(2889, 97, 24524913),
(2885, 97, 27099354),
(2906, 97, 30406801),
(2905, 97, 30729314),
(2881, 97, 32739573),
(2891, 97, 36343086),
(2910, 97, 37691974),
(2896, 97, 37914858),
(2883, 97, 40333351),
(2886, 97, 42900183),
(2894, 97, 43191882),
(2887, 97, 43854573),
(2882, 97, 51777542),
(2907, 97, 55239044),
(2899, 97, 55960706),
(2908, 97, 61770173),
(2909, 97, 67553935),
(2884, 97, 68910974),
(2904, 97, 70312160),
(2901, 97, 71154770),
(2897, 97, 78946063),
(2898, 97, 86038836),
(2903, 97, 88421704),
(2890, 97, 89114769),
(2893, 97, 91987645),
(2888, 97, 92793148),
(2902, 97, 95213664),
(2900, 97, 95467398),
(2895, 97, 99428909),
(2922, 98, 14712941),
(2919, 98, 24524913),
(2915, 98, 27099354),
(2936, 98, 30406801),
(2935, 98, 30729314),
(2911, 98, 32739573),
(2921, 98, 36343086),
(2940, 98, 37691974),
(2926, 98, 37914858),
(2913, 98, 40333351),
(2916, 98, 42900183),
(2924, 98, 43191882),
(2917, 98, 43854573),
(2912, 98, 51777542),
(2937, 98, 55239044),
(2929, 98, 55960706),
(2938, 98, 61770173),
(2939, 98, 67553935),
(2914, 98, 68910974),
(2934, 98, 70312160),
(2931, 98, 71154770),
(2927, 98, 78946063),
(2928, 98, 86038836),
(2933, 98, 88421704),
(2920, 98, 89114769),
(2923, 98, 91987645),
(2918, 98, 92793148),
(2932, 98, 95213664),
(2930, 98, 95467398),
(2925, 98, 99428909),
(2952, 99, 14712941),
(2949, 99, 24524913),
(2945, 99, 27099354),
(2966, 99, 30406801),
(2965, 99, 30729314),
(2941, 99, 32739573),
(2951, 99, 36343086),
(2970, 99, 37691974),
(2956, 99, 37914858),
(2943, 99, 40333351),
(2946, 99, 42900183),
(2954, 99, 43191882),
(2947, 99, 43854573),
(2942, 99, 51777542),
(2967, 99, 55239044),
(2959, 99, 55960706),
(2968, 99, 61770173),
(2969, 99, 67553935),
(2944, 99, 68910974),
(2964, 99, 70312160),
(2961, 99, 71154770),
(2957, 99, 78946063),
(2958, 99, 86038836),
(2963, 99, 88421704),
(2950, 99, 89114769),
(2953, 99, 91987645),
(2948, 99, 92793148),
(2962, 99, 95213664),
(2960, 99, 95467398),
(2955, 99, 99428909),
(2982, 100, 14712941),
(2979, 100, 24524913),
(2975, 100, 27099354),
(2996, 100, 30406801),
(2995, 100, 30729314),
(2971, 100, 32739573),
(2981, 100, 36343086),
(3000, 100, 37691974),
(2986, 100, 37914858),
(2973, 100, 40333351),
(2976, 100, 42900183),
(2984, 100, 43191882),
(2977, 100, 43854573),
(2972, 100, 51777542),
(2997, 100, 55239044),
(2989, 100, 55960706),
(2998, 100, 61770173),
(2999, 100, 67553935),
(2974, 100, 68910974),
(2994, 100, 70312160),
(2991, 100, 71154770),
(2987, 100, 78946063),
(2988, 100, 86038836),
(2993, 100, 88421704),
(2980, 100, 89114769),
(2983, 100, 91987645),
(2978, 100, 92793148),
(2992, 100, 95213664),
(2990, 100, 95467398),
(2985, 100, 99428909);

-- --------------------------------------------------------

--
-- Estructura de tabla para la tabla `usuario`
--

CREATE TABLE `usuario` (
  `id` int(11) NOT NULL,
  `usuario` varchar(20) CHARACTER SET utf8 NOT NULL,
  `email` varchar(50) CHARACTER SET utf8 NOT NULL,
  `password` varchar(20) CHARACTER SET utf8 NOT NULL,
  `rol` varchar(20) CHARACTER SET utf8 NOT NULL DEFAULT 'alumno',
  `nivel` int(11) NOT NULL DEFAULT '1',
  `experiencia` int(11) NOT NULL DEFAULT '0'
) ENGINE=InnoDB DEFAULT CHARSET=utf8 COLLATE=utf8_spanish_ci;

--
-- Índices para tablas volcadas
--

--
-- Indices de la tabla `historialtest`
--
ALTER TABLE `historialtest`
  ADD PRIMARY KEY (`id`),
  ADD KEY `usuario` (`usuario`),
  ADD KEY `idTest` (`idTest`);

--
-- Indices de la tabla `nivel`
--
ALTER TABLE `nivel`
  ADD PRIMARY KEY (`id`),
  ADD KEY `nivel` (`nivel`);

--
-- Indices de la tabla `pregunta`
--
ALTER TABLE `pregunta`
  ADD PRIMARY KEY (`codpregunta`);

--
-- Indices de la tabla `respuesta`
--
ALTER TABLE `respuesta`
  ADD PRIMARY KEY (`codrespuesta`),
  ADD KEY `pregunta` (`pregunta`);

--
-- Indices de la tabla `test`
--
ALTER TABLE `test`
  ADD PRIMARY KEY (`id`);

--
-- Indices de la tabla `testxpregunta`
--
ALTER TABLE `testxpregunta`
  ADD PRIMARY KEY (`id`),
  ADD KEY `testid` (`testid`,`preguntaid`),
  ADD KEY `preguntaid` (`preguntaid`);

--
-- Indices de la tabla `usuario`
--
ALTER TABLE `usuario`
  ADD PRIMARY KEY (`id`),
  ADD UNIQUE KEY `usuario` (`usuario`),
  ADD KEY `nivel` (`nivel`);

--
-- AUTO_INCREMENT de las tablas volcadas
--

--
-- AUTO_INCREMENT de la tabla `historialtest`
--
ALTER TABLE `historialtest`
  MODIFY `id` int(11) NOT NULL AUTO_INCREMENT;

--
-- AUTO_INCREMENT de la tabla `nivel`
--
ALTER TABLE `nivel`
  MODIFY `id` int(11) NOT NULL AUTO_INCREMENT;

--
-- AUTO_INCREMENT de la tabla `pregunta`
--
ALTER TABLE `pregunta`
  MODIFY `codpregunta` int(8) NOT NULL AUTO_INCREMENT, AUTO_INCREMENT=99873769;

--
-- AUTO_INCREMENT de la tabla `respuesta`
--
ALTER TABLE `respuesta`
  MODIFY `codrespuesta` int(8) NOT NULL AUTO_INCREMENT, AUTO_INCREMENT=99961358;

--
-- AUTO_INCREMENT de la tabla `test`
--
ALTER TABLE `test`
  MODIFY `id` int(11) NOT NULL AUTO_INCREMENT, AUTO_INCREMENT=101;

--
-- AUTO_INCREMENT de la tabla `testxpregunta`
--
ALTER TABLE `testxpregunta`
  MODIFY `id` int(11) NOT NULL AUTO_INCREMENT, AUTO_INCREMENT=3001;

--
-- AUTO_INCREMENT de la tabla `usuario`
--
ALTER TABLE `usuario`
  MODIFY `id` int(11) NOT NULL AUTO_INCREMENT;

--
-- Restricciones para tablas volcadas
--

--
-- Filtros para la tabla `historialtest`
--
ALTER TABLE `historialtest`
  ADD CONSTRAINT `historialtest_ibfk_1` FOREIGN KEY (`usuario`) REFERENCES `usuario` (`usuario`),
  ADD CONSTRAINT `historialtest_ibfk_2` FOREIGN KEY (`idTest`) REFERENCES `test` (`id`);

--
-- Filtros para la tabla `respuesta`
--
ALTER TABLE `respuesta`
  ADD CONSTRAINT `respuesta_ibfk_1` FOREIGN KEY (`pregunta`) REFERENCES `pregunta` (`codpregunta`);

--
-- Filtros para la tabla `testxpregunta`
--
ALTER TABLE `testxpregunta`
  ADD CONSTRAINT `testxpregunta_ibfk_1` FOREIGN KEY (`testid`) REFERENCES `test` (`id`),
  ADD CONSTRAINT `testxpregunta_ibfk_2` FOREIGN KEY (`preguntaid`) REFERENCES `pregunta` (`codpregunta`);

--
-- Filtros para la tabla `usuario`
--
ALTER TABLE `usuario`
  ADD CONSTRAINT `usuario_ibfk_1` FOREIGN KEY (`nivel`) REFERENCES `nivel` (`nivel`);
COMMIT;

/*!40101 SET CHARACTER_SET_CLIENT=@OLD_CHARACTER_SET_CLIENT */;
/*!40101 SET CHARACTER_SET_RESULTS=@OLD_CHARACTER_SET_RESULTS */;
/*!40101 SET COLLATION_CONNECTION=@OLD_COLLATION_CONNECTION */;
